trial_id,kind,class_name,height_m,speed_mps,status,measurement_completeness_status,artifact_set_complete,performance_verdict,performance_hard_failure,performance_failure_reasons,performance_metric_failure_reasons,p_confirm,p_selected,p_interrupt,stable_id,confirmation_exposure_sec,confirmation_processing_ms,confirmation_pipeline_ms,processing_receipt_reordered,stage_trace_enabled,complete_mapped_frames,partial_only_mapped_frames,complete_mapped_rate,partial_source_sets,p95_detector_inference_ms,p95_detector_processing_ms,eligible_frames,raw_class_frames,raw_geometry_frames,resolved_frames,refined_frames,geometry_verified_frames,association_valid_frames,center_refined_frames,detection_frames,map_valid_frames,failure_stage,map_invalid_rate,map_unavailable_rate,tf_failure_rate,mean_map_error_xy,p95_map_error_xy,map_error_sample_count,entered_fully_in_frame,left_fully_in_frame,expected_duration_sec,actual_duration_sec,expected_speed_mps,actual_speed_mps,camera_pose_frame_count,motion_sample_count,lateral_offset_sample_count,mean_actual_linear_speed_mps,p95_actual_linear_speed_mps,mean_abs_actual_yaw_rate_radps,p95_abs_actual_yaw_rate_radps,mean_abs_normalized_lateral_offset,p95_abs_normalized_lateral_offset,class_group_completed_trials,class_group_p_confirm,class_group_p_selected,class_group_mean_actual_linear_speed_mps,class_group_p95_abs_normalized_lateral_offset,height_group_completed_trials,height_group_p_confirm,height_group_p_selected,height_group_mean_actual_linear_speed_mps,height_group_p95_abs_normalized_lateral_offset,speed_group_completed_trials,speed_group_p_confirm,speed_group_p_selected,speed_group_mean_actual_linear_speed_mps,speed_group_p95_abs_normalized_lateral_offset,confirmed_observations,unexpected_confirmed_observations,disallowed_confirmed_observations,unique_confirmed_targets,policy_rejected_confirmed_observations,selected_observations,unexpected_selected_observations,disallowed_selected_observations,unique_selected_targets,policy_rejected_selected_observations,tank_confirmed_observations,tank_selected_observations,navigation_metrics_mode,navigation_target_stage_capability,navigation_metrics_reason,p_decision,p_dispatch,p_planner_arrival,p_interrupt_reason,navigation_binding_keys,navigation_validation_errors,lateral_bin,visibility_profile,p_confirm_visibility,p_selected_visibility,entered_visibility_window,left_visibility_window,requested_target_path_lateral_offset_m,requested_pixel_offset_x_normalized,target_lateral_sample_count,mean_target_path_lateral_offset_m,p95_abs_target_path_lateral_offset_m,mean_target_pixel_offset_x_normalized,p95_abs_target_pixel_offset_x_normalized,lateral_group_completed_trials,lateral_group_p_confirm,lateral_group_p_selected,lateral_group_p_confirm_visibility,lateral_group_p_selected_visibility,lateral_group_mean_target_path_lateral_offset_m,lateral_group_mean_target_pixel_offset_x_normalized,design_kind,relative_angle_deg,motion_profile,framing,relative_angle_measurement,planned_sample_count,expected_primary_target_id
dynamic_tent_h1p2_v0p5,dynamic,tent,1.2,0.5,completed,DIAGNOSTIC,True,DIAGNOSTIC_ONLY,False,"[""diagnostic_subset_not_gate""]","[""threshold_failed:p95_confirmation_processing_ms:448.18065729868994:200.0""]",True,True,,4,0.0,157.1519339995575,184.81110200082185,False,True,162,31,0.8393782383419689,"{""circle_detector"": 1, ""circle_detector+cross_detector"": 24, ""circle_detector+target_detector"": 6}",131.024,134.35859999999997,6,5,6,5,5,5,5,5,5,5,,0.0,0.16666666666666666,0.0,0.04041437087285879,0.0588409708727762,5,True,True,14.0,14.025,0.5,0.49910873440285203,199,168,169,0.49744338722033266,0.8196721311480651,0.0,0.0,0.004642857142825815,0.004642857142825815,20,0.95,0.95,0.9602425547178193,0.004642857142825815,20,0.4,0.4,0.9494202474548186,0.005603448275824279,25,0.96,0.96,0.5004548294662365,0.005603448275824279,732,642,366,6,705,27,15,0,3,0,0,0,visual_only,False,navigation_topics_not_subscribed,,,,visual_only_no_navigation_acceptance_event,[],[],,full,True,True,True,True,0.0,0.0,6,0.0,0.0,0.03917498688652928,0.03939466941724845,100,0.83,0.83,0.83,0.83,0.0,0.017991992191862205,,,,,,,
dynamic_tent_h1p2_v1p0,dynamic,tent,1.2,1.0,completed,DIAGNOSTIC,True,DIAGNOSTIC_ONLY,False,"[""diagnostic_subset_not_gate""]","[""threshold_failed:p95_confirmation_processing_ms:448.18065729868994:200.0""]",True,True,,5,0.10099999999999909,68.04348500008928,91.12909600116836,False,True,89,14,0.8640776699029126,"{""circle_detector+cross_detector"": 14}",101.14159999999998,113.20739999999999,3,3,3,3,3,3,3,3,3,3,,0.0,0.0,0.0,0.07523123710629323,0.10365937557001541,3,True,True,7.0,7.098,1.0,0.9861932938856016,106,77,78,0.9916702449145359,1.6164095371675007,0.0,0.0,0.004642857142825815,0.004642857142825815,20,0.95,0.95,0.9602425547178193,0.004642857142825815,20,0.4,0.4,0.9494202474548186,0.005603448275824279,25,0.84,0.84,0.9973577105605766,0.005603448275824279,396,347,198,6,386,10,6,0,3,0,0,0,visual_only,False,navigation_topics_not_subscribed,,,,visual_only_no_navigation_acceptance_event,[],[],,full,True,True,True,True,0.0,0.0,3,0.0,0.0,0.03903248275331084,0.03924149122054638,100,0.83,0.83,0.83,0.83,0.0,0.017991992191862205,,,,,,,
dynamic_tent_h1p2_v1p5,dynamic,tent,1.2,1.5,completed,DIAGNOSTIC,True,DIAGNOSTIC_ONLY,False,"[""diagnostic_subset_not_gate""]","[""threshold_failed:p95_confirmation_processing_ms:448.18065729868994:200.0""]",True,True,,4,0.1309999999999718,99.21288400073536,142.9072270002507,False,True,61,11,0.8472222222222222,"{""circle_detector+cross_detector"": 11}",94.3999,104.24869999999999,3,3,3,3,3,3,3,3,3,3,,0.0,0.0,0.0,0.08296335717384136,0.08323697985916548,3,True,True,4.666666666666667,4.72,1.5,1.4830508474576272,74,50,51,1.4862493750480394,2.403861915219026,0.0,0.0,0.004642857142825815,0.004642857142825815,20,0.95,0.95,0.9602425547178193,0.004642857142825815,20,0.4,0.4,0.9494202474548186,0.005603448275824279,25,0.76,0.76,1.5124220717591852,0.005603448275824279,272,237,136,6,266,6,2,0,3,0,0,0,visual_only,False,navigation_topics_not_subscribed,,,,visual_only_no_navigation_acceptance_event,[],[],,full,True,True,True,True,0.0,0.0,3,0.0,0.0,0.03912748691593659,0.03931849855530187,100,0.83,0.83,0.83,0.83,0.0,0.017991992191862205,,,,,,,
dynamic_tent_h1p2_v2p0,dynamic,tent,1.2,2.0,completed,DIAGNOSTIC,True,DIAGNOSTIC_ONLY,False,"[""diagnostic_subset_not_gate""]","[""threshold_failed:p95_confirmation_processing_ms:448.18065729868994:200.0""]",False,False,,,,,,False,True,55,9,0.859375,"{""circle_detector+cross_detector"": 9}",168.90684999999996,172.46975,2,2,2,2,2,2,2,2,2,2,target_memory_admission,0.0,0.0,0.0,0.10859694303770959,0.10876027328351699,2,True,True,3.5,3.565,2.0,1.9635343618513323,67,40,41,1.9929851281780808,3.337121212117941,0.0,0.0,0.004642857142825815,0.004642857142825815,20,0.95,0.95,0.9602425547178193,0.004642857142825815,20,0.4,0.4,0.9494202474548186,0.005603448275824279,25,0.76,0.76,1.9840825537856601,0.005603448275824279,252,218,126,6,249,3,2,0,3,0,0,0,visual_only,False,navigation_topics_not_subscribed,,,,visual_only_no_navigation_acceptance_event,[],[],,full,False,False,True,True,0.0,0.0,2,0.0,0.0,0.03926998702733782,0.03939823086367546,100,0.83,0.83,0.83,0.83,0.0,0.017991992191862205,,,,,,,
dynamic_tent_h1p8_v0p5,dynamic,tent,1.8,0.5,completed,DIAGNOSTIC,True,DIAGNOSTIC_ONLY,False,"[""diagnostic_subset_not_gate""]","[""threshold_failed:p95_confirmation_processing_ms:448.18065729868994:200.0""]",True,True,,5,0.0,87.95405700038827,107.68954800005304,False,True,141,24,0.8545454545454545,"{""circle_detector+cross_detector"": 24}",222.34474999999998,227.63475,19,16,19,16,16,16,16,16,16,16,,0.0,0.15789473684210525,0.0,0.04308710849761261,0.06010935241385942,16,True,True,14.0,14.045,0.5,0.4983980064079744,167,143,144,0.4992793523257231,0.7564450474894935,0.0,0.0,0.004642857142825815,0.004642857142825815,20,0.95,0.95,0.9602425547178193,0.004642857142825815,20,0.95,0.95,0.9613616825883338,0.005603448275824279,25,0.96,0.96,0.5004548294662365,0.005603448275824279,666,583,333,6,613,53,32,0,3,0,0,0,visual_only,False,navigation_topics_not_subscribed,,,,visual_only_no_navigation_acceptance_event,[],[],,full,True,True,True,True,0.0,0.0,19,0.0,0.0,0.026101152677558574,0.026805469260256808,100,0.83,0.83,0.83,0.83,0.0,0.017991992191862205,,,,,,,
dynamic_tent_h1p8_v1p0,dynamic,tent,1.8,1.0,completed,DIAGNOSTIC,True,DIAGNOSTIC_ONLY,False,"[""diagnostic_subset_not_gate""]","[""threshold_failed:p95_confirmation_processing_ms:448.18065729868994:200.0""]",True,True,,4,0.10799999999994725,135.87909000125364,124.02302200098347,False,True,82,16,0.8367346938775511,"{""circle_detector+cross_detector"": 16}",154.7475,164.9436,9,7,9,7,7,7,7,7,7,7,,0.0,0.2222222222222222,0.0,0.07347941089780557,0.10946506189528099,7,True,True,7.0,7.059,1.0,0.9916418756197761,103,76,77,0.9847774203683363,1.667298219023842,0.0,0.0,0.004642857142825815,0.004642857142825815,20,0.95,0.95,0.9602425547178193,0.004642857142825815,20,0.95,0.95,0.9613616825883338,0.005603448275824279,25,0.84,0.84,0.9973577105605766,0.005603448275824279,378,330,189,6,354,24,15,0,3,0,0,0,visual_only,False,navigation_topics_not_subscribed,,,,visual_only_no_navigation_acceptance_event,[],[],,full,True,True,True,True,0.0,0.0,9,0.0,0.0,0.026064940300525842,0.02667686627695556,100,0.83,0.83,0.83,0.83,0.0,0.017991992191862205,,,,,,,
dynamic_tent_h1p8_v1p5,dynamic,tent,1.8,1.5,completed,DIAGNOSTIC,True,DIAGNOSTIC_ONLY,False,"[""diagnostic_subset_not_gate""]","[""threshold_failed:p95_confirmation_processing_ms:448.18065729868994:200.0""]",True,True,,5,0.20199999999999818,73.20135200097866,118.56631800037576,False,True,61,12,0.8356164383561644,"{""circle_detector+cross_detector"": 12}",202.204,205.8315,6,6,6,6,6,6,6,6,6,6,,0.0,0.0,0.0,0.13157137477806152,0.20737195846971268,6,True,True,4.666666666666667,4.702,1.5,1.4887282007656317,77,51,52,1.4529342023116567,2.1126760563369347,0.0,0.0,0.004642857142825815,0.004642857142825815,20,0.95,0.95,0.9602425547178193,0.004642857142825815,20,0.95,0.95,0.9613616825883338,0.005603448275824279,25,0.76,0.76,1.5124220717591852,0.005603448275824279,274,239,137,6,255,19,12,0,3,0,0,0,visual_only,False,navigation_topics_not_subscribed,,,,visual_only_no_navigation_acceptance_event,[],[],,full,True,True,True,True,0.0,0.0,6,0.0,0.0,0.02620438943757328,0.026724698381323495,100,0.83,0.83,0.83,0.83,0.0,0.017991992191862205,,,,,,,
dynamic_tent_h1p8_v2p0,dynamic,tent,1.8,2.0,completed,DIAGNOSTIC,True,DIAGNOSTIC_ONLY,False,"[""diagnostic_subset_not_gate""]","[""threshold_failed:p95_confirmation_processing_ms:448.18065729868994:200.0""]",True,True,,5,0.13799999999991996,225.06027100098436,182.53429800097365,False,True,46,10,0.8214285714285714,"{""circle_detector+cross_detector"": 10}",149.7038,153.2032,6,5,6,5,5,5,5,5,5,5,,0.0,0.16666666666666666,0.0,0.14669438684232947,0.26100547234177973,5,True,True,3.5,3.516,2.0,1.9908987485779295,61,35,36,2.0105408742250783,3.5149638802878007,0.0,0.0,0.004642857142825815,0.004642857142825815,20,0.95,0.95,0.9602425547178193,0.004642857142825815,20,0.95,0.95,0.9613616825883338,0.005603448275824279,25,0.76,0.76,1.9840825537856601,0.005603448275824279,208,180,104,6,198,10,6,0,3,0,0,0,visual_only,False,navigation_topics_not_subscribed,,,,visual_only_no_navigation_acceptance_event,[],[],,full,True,True,True,True,0.0,0.0,6,0.0,0.0,0.026022584567911504,0.026610181698925393,100,0.83,0.83,0.83,0.83,0.0,0.017991992191862205,,,,,,,
dynamic_tent_h2p4_v0p5,dynamic,tent,2.4,0.5,completed,DIAGNOSTIC,True,DIAGNOSTIC_ONLY,False,"[""diagnostic_subset_not_gate""]","[""threshold_failed:p95_confirmation_processing_ms:448.18065729868994:200.0""]",True,True,,5,0.0,422.13084399918444,339.8161209988757,False,True,167,26,0.8652849740932642,"{""circle_detector"": 3, ""circle_detector+cross_detector"": 19, ""circle_detector+target_detector"": 4}",213.2794999999999,223.0467999999999,34,28,34,28,28,28,28,28,28,28,,0.0,0.17647058823529413,0.0,0.04263976376931997,0.06099315593537556,28,True,True,14.0,14.025,0.5,0.49910873440285203,197,164,165,0.5040074474281908,0.845338983048566,0.0,0.0,0.004642857142825815,0.004642857142825815,20,0.95,0.95,0.9602425547178193,0.004642857142825815,20,1.0,1.0,0.9540270831662354,0.005603448275824279,25,0.96,0.96,0.5004548294662365,0.005603448275824279,828,719,414,6,734,87,49,0,3,0,0,0,visual_only,False,navigation_topics_not_subscribed,,,,visual_only_no_navigation_acceptance_event,[],[],,full,True,True,True,True,0.0,0.0,34,0.0,0.0,0.01956751441285961,0.020413479654412817,100,0.83,0.83,0.83,0.83,0.0,0.017991992191862205,,,,,,,
dynamic_tent_h2p4_v1p0,dynamic,tent,2.4,1.0,completed,DIAGNOSTIC,True,DIAGNOSTIC_ONLY,False,"[""diagnostic_subset_not_gate""]","[""threshold_failed:p95_confirmation_processing_ms:448.18065729868994:200.0""]",True,True,,5,0.11899999999991451,74.45690699933039,98.90471700055059,False,True,81,15,0.84375,"{""circle_detector+cross_detector"": 15}",266.79365,279.24325,15,12,15,12,12,12,12,12,12,12,,0.0,0.2,0.0,0.07635980511662513,0.10984043357553828,12,True,True,7.0,7.069,1.0,0.9902390720045268,104,77,78,1.00050630766433,1.5533498759300182,0.0,0.0,0.004642857142825815,0.004642857142825815,20,0.95,0.95,0.9602425547178193,0.004642857142825815,20,1.0,1.0,0.9540270831662354,0.005603448275824279,25,0.84,0.84,0.9973577105605766,0.005603448275824279,374,325,187,6,333,38,23,0,3,0,0,0,visual_only,False,navigation_topics_not_subscribed,,,,visual_only_no_navigation_acceptance_event,[],[],,full,True,True,True,True,0.0,0.0,15,0.0,0.0,0.01959881500152605,0.020395592277896793,100,0.83,0.83,0.83,0.83,0.0,0.017991992191862205,,,,,,,
dynamic_tent_h2p4_v1p5,dynamic,tent,2.4,1.5,completed,DIAGNOSTIC,True,DIAGNOSTIC_ONLY,False,"[""diagnostic_subset_not_gate""]","[""threshold_failed:p95_confirmation_processing_ms:448.18065729868994:200.0""]",True,True,,5,0.08900000000016917,131.42949600114662,175.4355459997896,False,True,64,13,0.8311688311688312,"{""circle_detector+cross_detector"": 13}",127.77475000000001,131.8236,12,10,12,10,10,10,10,10,10,10,,0.0,0.16666666666666666,0.0,0.09930356752119646,0.15825851652206524,10,True,True,4.666666666666667,4.693,1.5,1.4915832090347327,84,53,54,1.5142556323377336,2.2854655275609037,0.0,0.0,0.004642857142825815,0.004642857142825815,20,0.95,0.95,0.9602425547178193,0.004642857142825815,20,1.0,1.0,0.9540270831662354,0.005603448275824279,25,0.76,0.76,1.5124220717591852,0.005603448275824279,304,264,152,6,272,30,18,0,3,0,0,0,visual_only,False,navigation_topics_not_subscribed,,,,visual_only_no_navigation_acceptance_event,[],[],,full,True,True,True,True,0.0,0.0,12,0.0,0.0,0.01964534822664916,0.02057262592778606,100,0.83,0.83,0.83,0.83,0.0,0.017991992191862205,,,,,,,
dynamic_tent_h2p4_v2p0,dynamic,tent,2.4,2.0,completed,DIAGNOSTIC,True,DIAGNOSTIC_ONLY,False,"[""diagnostic_subset_not_gate""]","[""threshold_failed:p95_confirmation_processing_ms:448.18065729868994:200.0""]",True,True,,5,0.05899999999996908,125.73830399924191,122.80255999939982,False,True,58,8,0.8787878787878788,"{""circle_detector+cross_detector"": 7, ""circle_detector+target_detector"": 1}",130.176,133.82559999999998,10,9,10,9,9,9,9,9,9,9,,0.0,0.1,0.0,0.08808488391582361,0.11038427048156244,9,True,True,3.5,3.581,2.0,1.9547612398771292,72,47,48,1.9738583052937986,3.5681818181898004,0.0,0.0,0.004642857142825815,0.004642857142825815,20,0.95,0.95,0.9602425547178193,0.004642857142825815,20,1.0,1.0,0.9540270831662354,0.005603448275824279,25,0.76,0.76,1.9840825537856601,0.005603448275824279,286,246,143,6,261,24,13,0,3,0,0,0,visual_only,False,navigation_topics_not_subscribed,,,,visual_only_no_navigation_acceptance_event,[],[],,full,True,True,True,True,0.0,0.0,10,0.0,0.0,0.019508149385100548,0.020295420606395904,100,0.83,0.83,0.83,0.83,0.0,0.017991992191862205,,,,,,,
dynamic_tent_h3p0_v0p5,dynamic,tent,3.0,0.5,completed,DIAGNOSTIC,True,DIAGNOSTIC_ONLY,False,"[""diagnostic_subset_not_gate""]","[""threshold_failed:p95_confirmation_processing_ms:448.18065729868994:200.0""]",True,True,,5,0.0,128.4041380004055,114.94263399981719,False,True,173,29,0.8564356435643564,"{""circle_detector+cross_detector"": 21, ""circle_detector+target_detector"": 8}",130.35250000000002,136.3735,56,51,56,51,51,51,51,51,51,51,,0.0,0.08928571428571429,0.0,0.03987344461251102,0.06172692908847359,51,True,True,14.0,14.014,0.5,0.4995004995004995,211,183,184,0.49925888073014313,0.860607831677522,0.0,0.0,0.004642857142825815,0.004642857142825815,20,0.95,0.95,0.9602425547178193,0.004642857142825815,20,1.0,1.0,0.9506705264385904,0.005603448275824279,25,0.96,0.96,0.5004548294662365,0.005603448275824279,885,768,443,6,743,109,63,0,3,0,0,0,visual_only,False,navigation_topics_not_subscribed,,,,visual_only_no_navigation_acceptance_event,[],[],,full,True,True,True,True,0.0,0.0,56,0.0,0.0,0.015666288322689202,0.016691605217785854,100,0.83,0.83,0.83,0.83,0.0,0.017991992191862205,,,,,,,
dynamic_tent_h3p0_v1p0,dynamic,tent,3.0,1.0,completed,DIAGNOSTIC,True,DIAGNOSTIC_ONLY,False,"[""diagnostic_subset_not_gate""]","[""threshold_failed:p95_confirmation_processing_ms:448.18065729868994:200.0""]",True,True,,5,0.0,362.00230499889585,412.51956799897016,False,True,98,13,0.8828828828828829,"{""circle_detector+cross_detector"": 13}",146.87339999999998,151.44199999999998,26,23,26,23,23,23,23,23,23,23,,0.0,0.11538461538461539,0.0,0.08173182539775961,0.1111090977926464,23,True,True,7.0,7.047,1.0,0.9933304952462041,115,87,88,0.9913256655586311,1.5857712765962328,0.0,0.0,0.004642857142825815,0.004642857142825815,20,0.95,0.95,0.9602425547178193,0.004642857142825815,20,1.0,1.0,0.9506705264385904,0.005603448275824279,25,0.84,0.84,0.9973577105605766,0.005603448275824279,484,418,242,6,418,52,30,0,3,0,0,0,visual_only,False,navigation_topics_not_subscribed,,,,visual_only_no_navigation_acceptance_event,[],[],,full,True,True,True,True,0.0,0.0,26,0.0,0.0,0.015622120759513244,0.016655802073623827,100,0.83,0.83,0.83,0.83,0.0,0.017991992191862205,,,,,,,
dynamic_tent_h3p0_v1p5,dynamic,tent,3.0,1.5,completed,DIAGNOSTIC,True,DIAGNOSTIC_ONLY,False,"[""diagnostic_subset_not_gate""]","[""threshold_failed:p95_confirmation_processing_ms:448.18065729868994:200.0""]",True,True,,4,0.07999999999992724,0.0,200.82847000048787,True,True,78,9,0.896551724137931,"{""circle_detector+cross_detector"": 9}",127.2646,130.5282,18,17,18,17,17,17,17,17,17,17,,0.0,0.05555555555555555,0.0,0.11991312093515293,0.23265759774188707,17,True,True,4.666666666666667,4.72,1.5,1.4830508474576272,93,58,59,1.5049194486338222,2.8725811110090773,0.0,0.0,0.004642857142825815,0.004642857142825815,20,0.95,0.95,0.9602425547178193,0.004642857142825815,20,1.0,1.0,0.9506705264385904,0.005603448275824279,25,0.76,0.76,1.5124220717591852,0.005603448275824279,392,336,196,6,350,34,18,0,3,0,0,0,visual_only,False,navigation_topics_not_subscribed,,,,visual_only_no_navigation_acceptance_event,[],[],,full,True,True,True,True,0.0,0.0,18,0.0,0.0,0.0156529946604786,0.016532087783765588,100,0.83,0.83,0.83,0.83,0.0,0.017991992191862205,,,,,,,
dynamic_tent_h3p0_v2p0,dynamic,tent,3.0,2.0,completed,DIAGNOSTIC,True,DIAGNOSTIC_ONLY,False,"[""diagnostic_subset_not_gate""]","[""threshold_failed:p95_confirmation_processing_ms:448.18065729868994:200.0""]",True,True,,4,0.18899999999985084,65.49150099999679,63.21756400029699,False,True,53,5,0.9137931034482759,"{""circle_detector+cross_detector"": 5}",200.58189999999996,213.62714999999997,13,12,13,12,12,12,12,12,12,12,,0.0,0.07692307692307693,0.0,0.1103099184005941,0.20870694199198894,12,True,True,3.5,3.528,2.0,1.9841269841269842,60,40,41,2.0333912421355045,3.578042328053383,0.0,0.0,0.004642857142825815,0.004642857142825815,20,0.95,0.95,0.9602425547178193,0.004642857142825815,20,1.0,1.0,0.9506705264385904,0.005603448275824279,25,0.76,0.76,1.9840825537856601,0.005603448275824279,256,221,128,6,228,24,13,0,3,0,0,0,visual_only,False,navigation_topics_not_subscribed,,,,visual_only_no_navigation_acceptance_event,[],[],,full,True,True,True,True,0.0,0.0,13,0.0,0.0,0.01567060391102615,0.01661570228735009,100,0.83,0.83,0.83,0.83,0.0,0.017991992191862205,,,,,,,
dynamic_tent_h3p6_v0p5,dynamic,tent,3.6,0.5,completed,DIAGNOSTIC,True,DIAGNOSTIC_ONLY,False,"[""diagnostic_subset_not_gate""]","[""threshold_failed:p95_confirmation_processing_ms:448.18065729868994:200.0""]",True,True,,3,0.0,119.3512819991156,140.66759900015313,False,True,154,17,0.9005847953216374,"{""circle_detector+cross_detector"": 17}",177.0915,183.34999999999997,58,50,58,50,50,50,50,50,50,50,,0.0,0.13793103448275862,0.0,0.04517087284452271,0.062420750162502626,50,True,True,14.0,14.029,0.5,0.49896642668757574,173,151,152,0.5019357656253082,0.8141127606939906,0.0,0.0,0.004642857142825815,0.004642857142825815,20,0.95,0.95,0.9602425547178193,0.004642857142825815,20,0.8,0.8,0.9589499089255361,0.005603448275824279,25,0.96,0.96,0.5004548294662365,0.005603448275824279,744,636,401,6,649,93,37,0,3,0,0,0,visual_only,False,navigation_topics_not_subscribed,,,,visual_only_no_navigation_acceptance_event,[],[],,full,True,True,True,True,0.0,0.0,58,0.0,0.0,0.012994025334894129,0.014174714286812027,100,0.83,0.83,0.83,0.83,0.0,0.017991992191862205,,,,,,,
dynamic_tent_h3p6_v1p0,dynamic,tent,3.6,1.0,completed,DIAGNOSTIC,True,DIAGNOSTIC_ONLY,False,"[""diagnostic_subset_not_gate""]","[""threshold_failed:p95_confirmation_processing_ms:448.18065729868994:200.0""]",True,True,,4,0.0,121.96597699949052,197.14508300057787,False,True,90,10,0.9,"{""circle_detector+cross_detector"": 7, ""circle_detector+target_detector"": 3}",187.41855000000004,196.34340000000003,32,30,32,30,30,30,30,30,30,30,,0.0,0.0625,0.0,0.0777483316133598,0.13964514618309132,30,True,True,7.0,7.022,1.0,0.9968669894616918,107,84,85,0.995248595385763,1.7993024730526792,0.0,0.0,0.004642857142825815,0.004642857142825815,20,0.95,0.95,0.9602425547178193,0.004642857142825815,20,0.8,0.8,0.9589499089255361,0.005603448275824279,25,0.84,0.84,0.9973577105605766,0.005603448275824279,431,368,232,6,378,52,20,0,3,0,0,0,visual_only,False,navigation_topics_not_subscribed,,,,visual_only_no_navigation_acceptance_event,[],[],,full,True,True,True,True,0.0,0.0,32,0.0,0.0,0.012984953535529753,0.014186654581873653,100,0.83,0.83,0.83,0.83,0.0,0.017991992191862205,,,,,,,
dynamic_tent_h3p6_v1p5,dynamic,tent,3.6,1.5,completed,DIAGNOSTIC,True,DIAGNOSTIC_ONLY,False,"[""diagnostic_subset_not_gate""]","[""threshold_failed:p95_confirmation_processing_ms:448.18065729868994:200.0""]",True,True,,4,0.1449999999999818,530.1451930008625,537.2505390005244,False,True,77,4,0.9506172839506173,"{""circle_detector+cross_detector"": 4}",161.37,166.327,22,21,22,21,21,21,21,21,21,21,,0.0,0.045454545454545456,0.0,0.10287269237554159,0.16046312140023686,21,True,True,4.666666666666667,4.733,1.5,1.4789773927741392,86,58,59,1.5417774125347086,2.979039482715094,0.0,0.0,0.004642857142825815,0.004642857142825815,20,0.95,0.95,0.9602425547178193,0.004642857142825815,20,0.8,0.8,0.9589499089255361,0.005603448275824279,25,0.76,0.76,1.5124220717591852,0.005603448275824279,310,258,189,5,275,35,14,0,2,0,0,0,visual_only,False,navigation_topics_not_subscribed,,,,visual_only_no_navigation_acceptance_event,[],[],,full,True,True,True,True,0.0,0.0,22,0.0,0.0,0.013073796495331948,0.014247323030206082,100,0.83,0.83,0.83,0.83,0.0,0.017991992191862205,,,,,,,
dynamic_tent_h3p6_v2p0,dynamic,tent,3.6,2.0,completed,DIAGNOSTIC,True,DIAGNOSTIC_ONLY,False,"[""diagnostic_subset_not_gate""]","[""threshold_failed:p95_confirmation_processing_ms:448.18065729868994:200.0""]",True,True,,3,0.0,90.50398900035361,290.7746330001828,False,True,60,8,0.8823529411764706,"{""circle_detector+cross_detector"": 6, ""circle_detector+target_detector"": 2}",96.29425,100.69975,18,16,18,16,16,16,16,16,16,16,,0.0,0.1111111111111111,0.0,0.10489156970564555,0.2106517967332456,16,True,True,3.5,3.621,2.0,1.9331676332504832,74,44,45,1.9665753398549068,3.248423707443283,0.0,0.0,0.004642857142825815,0.004642857142825815,20,0.95,0.95,0.9602425547178193,0.004642857142825815,20,0.8,0.8,0.9589499089255361,0.005603448275824279,25,0.76,0.76,1.9840825537856601,0.005603448275824279,239,197,145,5,213,26,8,0,2,0,0,0,visual_only,False,navigation_topics_not_subscribed,,,,visual_only_no_navigation_acceptance_event,[],[],,full,True,True,True,True,0.0,0.0,18,0.0,0.0,0.01297566673142507,0.01411023290850868,100,0.83,0.83,0.83,0.83,0.0,0.017991992191862205,,,,,,,
dynamic_pillbox_h1p2_v0p5,dynamic,pillbox,1.2,0.5,completed,DIAGNOSTIC,True,DIAGNOSTIC_ONLY,False,"[""diagnostic_subset_not_gate""]","[""threshold_failed:p95_confirmation_processing_ms:448.18065729868994:200.0""]",True,True,,2,0.0,166.20899599911354,298.3160309995583,False,True,180,25,0.8780487804878049,"{""circle_detector"": 1, ""circle_detector+cross_detector"": 14, ""circle_detector+target_detector"": 10}",277.036,279.916,7,6,7,6,6,6,6,6,6,6,,0.0,0.14285714285714285,0.0,0.028830537181238028,0.03305119490167636,6,True,True,14.0,14.049,0.5,0.4982561036372696,212,185,186,0.5008689144487968,0.8620689655173465,0.0,0.0,0.004642857142825815,0.004642857142825815,20,0.65,0.65,0.9484147076976176,0.004642857142825815,20,0.4,0.4,0.9494202474548186,0.005603448275824279,25,0.96,0.96,0.5004548294662365,0.005603448275824279,590,487,295,6,549,41,28,0,3,0,0,0,visual_only,False,navigation_topics_not_subscribed,,,,visual_only_no_navigation_acceptance_event,[],[],,full,True,True,True,True,0.0,0.0,7,0.0,0.0,0.03919873927492008,0.03939110726493315,100,0.83,0.83,0.83,0.83,0.0,0.017991992191862205,,,,,,,
dynamic_pillbox_h1p2_v1p0,dynamic,pillbox,1.2,1.0,completed,DIAGNOSTIC,True,DIAGNOSTIC_ONLY,False,"[""diagnostic_subset_not_gate""]","[""threshold_failed:p95_confirmation_processing_ms:448.18065729868994:200.0""]",False,False,,,,,,False,True,93,20,0.8230088495575221,"{""circle_detector"": 2, ""circle_detector+cross_detector"": 9, ""circle_detector+target_detector"": 9}",59.5176,62.51859999999999,5,5,5,5,5,5,5,5,5,5,target_memory_admission,0.0,0.0,0.0,0.06785462579902407,0.10792025270489912,5,True,True,7.0,7.021,1.0,0.9970089730807578,118,96,97,1.0029521485051274,1.8696581196567394,0.0,0.0,0.004642857142825815,0.004642857142825815,20,0.65,0.65,0.9484147076976176,0.004642857142825815,20,0.4,0.4,0.9494202474548186,0.005603448275824279,25,0.84,0.84,0.9973577105605766,0.005603448275824279,284,234,142,6,269,15,9,0,3,0,0,0,visual_only,False,navigation_topics_not_subscribed,,,,visual_only_no_navigation_acceptance_event,[],[],,full,False,False,True,True,0.0,0.0,5,0.0,0.0,0.03909898112606612,0.039383982489726396,100,0.83,0.83,0.83,0.83,0.0,0.017991992191862205,,,,,,,
dynamic_pillbox_h1p2_v1p5,dynamic,pillbox,1.2,1.5,completed,DIAGNOSTIC,True,DIAGNOSTIC_ONLY,False,"[""diagnostic_subset_not_gate""]","[""threshold_failed:p95_confirmation_processing_ms:448.18065729868994:200.0""]",False,False,,,,,,False,True,66,13,0.8354430379746836,"{""circle_detector"": 1, ""circle_detector+cross_detector"": 9, ""circle_detector+target_detector"": 3}",149.92715,154.57655,2,2,2,2,2,2,2,2,2,2,target_memory_admission,0.0,0.0,0.0,0.04560280142708779,0.07882284461401182,2,True,True,4.666666666666667,4.7059999999999995,1.5,1.4874628134296644,85,59,60,1.4824450448674882,2.7181489726618175,0.0,0.0,0.004642857142825815,0.004642857142825815,20,0.65,0.65,0.9484147076976176,0.004642857142825815,20,0.4,0.4,0.9494202474548186,0.005603448275824279,25,0.76,0.76,1.5124220717591852,0.005603448275824279,226,188,113,6,218,8,6,0,3,0,0,0,visual_only,False,navigation_topics_not_subscribed,,,,visual_only_no_navigation_acceptance_event,[],[],,full,False,False,True,True,0.0,0.0,2,0.0,0.0,0.03933972129746284,0.03933972129746284,100,0.83,0.83,0.83,0.83,0.0,0.017991992191862205,,,,,,,
dynamic_pillbox_h1p2_v2p0,dynamic,pillbox,1.2,2.0,completed,DIAGNOSTIC,True,DIAGNOSTIC_ONLY,False,"[""diagnostic_subset_not_gate""]","[""threshold_failed:p95_confirmation_processing_ms:448.18065729868994:200.0""]",False,False,,,,,,False,True,56,16,0.7777777777777778,"{""circle_detector"": 2, ""circle_detector+cross_detector"": 7, ""circle_detector+target_detector"": 7}",181.54,187.04,2,1,2,1,1,1,1,1,1,1,target_memory_admission,0.0,0.5,0.0,0.008477967578334031,0.008477967578334031,1,True,True,3.5,3.541,2.0,1.9768426998023159,79,48,49,1.9760173782729658,3.358400586940249,0.0,0.0,0.004642857142825815,0.004642857142825815,20,0.65,0.65,0.9484147076976176,0.004642857142825815,20,0.4,0.4,0.9494202474548186,0.005603448275824279,25,0.76,0.76,1.9840825537856601,0.005603448275824279,118,118,59,4,116,2,2,0,2,0,0,0,visual_only,False,navigation_topics_not_subscribed,,,,visual_only_no_navigation_acceptance_event,[],[],,full,False,False,True,True,0.0,0.0,2,0.0,0.0,0.03912749387585155,0.03912749387585154,100,0.83,0.83,0.83,0.83,0.0,0.017991992191862205,,,,,,,
dynamic_pillbox_h1p8_v0p5,dynamic,pillbox,1.8,0.5,completed,DIAGNOSTIC,True,DIAGNOSTIC_ONLY,False,"[""diagnostic_subset_not_gate""]","[""threshold_failed:p95_confirmation_processing_ms:448.18065729868994:200.0""]",True,True,,2,0.0,284.2920940001932,361.87384799995925,False,True,176,20,0.8979591836734694,"{""circle_detector"": 1, ""circle_detector+cross_detector"": 17, ""circle_detector+target_detector"": 2}",127.7056,130.471,21,18,21,18,18,18,18,18,18,18,,0.0,0.14285714285714285,0.0,0.041827998999599644,0.06289534605372041,18,True,True,14.0,14.029,0.5,0.49896642668757574,198,172,173,0.5022610306403348,0.9155997304569775,0.0,0.0,0.004642857142825815,0.004642857142825815,20,0.65,0.65,0.9484147076976176,0.004642857142825815,20,0.95,0.95,0.9613616825883338,0.005603448275824279,25,0.96,0.96,0.5004548294662365,0.005603448275824279,628,521,314,6,553,75,51,0,3,0,0,0,visual_only,False,navigation_topics_not_subscribed,,,,visual_only_no_navigation_acceptance_event,[],[],,full,True,True,True,True,0.0,0.0,21,0.0,0.0,0.02614736047694303,0.026800706443116874,100,0.83,0.83,0.83,0.83,0.0,0.017991992191862205,,,,,,,
dynamic_pillbox_h1p8_v1p0,dynamic,pillbox,1.8,1.0,completed,DIAGNOSTIC,True,DIAGNOSTIC_ONLY,False,"[""diagnostic_subset_not_gate""]","[""threshold_failed:p95_confirmation_processing_ms:448.18065729868994:200.0""]",True,True,,2,0.1410000000000764,286.75858700080425,586.3417250002385,False,True,80,22,0.7843137254901961,"{""circle_detector"": 2, ""circle_detector+cross_detector"": 11, ""circle_detector+target_detector"": 9}",106.21960000000001,111.1899,10,7,10,7,7,7,7,7,6,6,,0.0,0.4,0.0,0.09150988158509897,0.146322141935311,6,True,True,7.0,7.049,1.0,0.9930486593843098,107,84,85,0.9942211589650527,1.5932250839890396,0.0,0.0,0.004642857142825815,0.004642857142825815,20,0.65,0.65,0.9484147076976176,0.004642857142825815,20,0.95,0.95,0.9613616825883338,0.005603448275824279,25,0.84,0.84,0.9973577105605766,0.005603448275824279,258,216,129,6,229,29,22,0,3,0,0,0,visual_only,False,navigation_topics_not_subscribed,,,,visual_only_no_navigation_acceptance_event,[],[],,full,True,True,True,True,0.0,0.0,10,0.0,0.0,0.025981290562502826,0.026667339908675328,100,0.83,0.83,0.83,0.83,0.0,0.017991992191862205,,,,,,,
dynamic_pillbox_h1p8_v1p5,dynamic,pillbox,1.8,1.5,completed,DIAGNOSTIC,True,DIAGNOSTIC_ONLY,False,"[""diagnostic_subset_not_gate""]","[""threshold_failed:p95_confirmation_processing_ms:448.18065729868994:200.0""]",True,True,,2,0.05899999999996908,209.07986499878461,151.9070220001595,False,True,59,8,0.8805970149253731,"{""circle_detector+cross_detector"": 8}",130.2868,135.0996,6,5,6,5,5,5,5,5,5,5,,0.0,0.16666666666666666,0.0,0.09788259642839348,0.15660452337897762,5,True,True,4.666666666666667,4.687,1.5,1.4934926392148495,70,49,50,1.4856223169171954,2.2596746839383877,0.0,0.0,0.004642857142825815,0.004642857142825815,20,0.65,0.65,0.9484147076976176,0.004642857142825815,20,0.95,0.95,0.9613616825883338,0.005603448275824279,25,0.76,0.76,1.5124220717591852,0.005603448275824279,208,173,104,6,189,19,13,0,3,0,0,0,visual_only,False,navigation_topics_not_subscribed,,,,visual_only_no_navigation_acceptance_event,[],[],,full,True,True,True,True,0.0,0.0,6,0.0,0.0,0.026133410256978677,0.026653761860116632,100,0.83,0.83,0.83,0.83,0.0,0.017991992191862205,,,,,,,
dynamic_pillbox_h1p8_v2p0,dynamic,pillbox,1.8,2.0,completed,DIAGNOSTIC,True,DIAGNOSTIC_ONLY,False,"[""diagnostic_subset_not_gate""]","[""threshold_failed:p95_confirmation_processing_ms:448.18065729868994:200.0""]",True,True,,2,0.1959999999999127,127.03394100026344,98.74942300120892,False,True,54,7,0.8852459016393442,"{""circle_detector+cross_detector"": 7}",82.0378,84.878,5,5,5,5,5,5,5,5,5,5,,0.0,0.0,0.0,0.16817982259038383,0.2092123423865197,5,True,True,3.5,3.575,2.0,1.958041958041958,62,39,40,1.9583945347570133,3.067602040817175,0.0,0.0,0.004642857142825815,0.004642857142825815,20,0.65,0.65,0.9484147076976176,0.004642857142825815,20,0.95,0.95,0.9613616825883338,0.005603448275824279,25,0.76,0.76,1.9840825537856601,0.005603448275824279,192,159,96,6,180,12,7,0,3,0,0,0,visual_only,False,navigation_topics_not_subscribed,,,,visual_only_no_navigation_acceptance_event,[],[],,full,True,True,True,True,0.0,0.0,5,0.0,0.0,0.025933635432805958,0.02658159797964295,100,0.83,0.83,0.83,0.83,0.0,0.017991992191862205,,,,,,,
dynamic_pillbox_h2p4_v0p5,dynamic,pillbox,2.4,0.5,completed,DIAGNOSTIC,True,DIAGNOSTIC_ONLY,False,"[""diagnostic_subset_not_gate""]","[""threshold_failed:p95_confirmation_processing_ms:448.18065729868994:200.0""]",True,True,,3,0.0,85.83828799964976,111.58529099884618,False,True,175,14,0.9259259259259259,"{""circle_detector+cross_detector"": 14}",173.90839999999963,184.11509999999964,38,35,38,35,35,35,35,35,35,35,,0.0,0.07894736842105263,0.0,0.0412083927151692,0.06676571736730172,35,True,True,14.0,14.041,0.5,0.4985399900292002,192,170,171,0.4956535036223002,0.8384831460680631,0.0,0.0,0.004642857142825815,0.004642857142825815,20,0.65,0.65,0.9484147076976176,0.004642857142825815,20,1.0,1.0,0.9540270831662354,0.005603448275824279,25,0.96,0.96,0.5004548294662365,0.005603448275824279,666,552,333,6,539,118,83,0,3,0,0,0,visual_only,False,navigation_topics_not_subscribed,,,,visual_only_no_navigation_acceptance_event,[],[],,full,True,True,True,True,0.0,0.0,38,0.0,0.0,0.01950418976819831,0.020429577746944448,100,0.83,0.83,0.83,0.83,0.0,0.017991992191862205,,,,,,,
dynamic_pillbox_h2p4_v1p0,dynamic,pillbox,2.4,1.0,completed,DIAGNOSTIC,True,DIAGNOSTIC_ONLY,False,"[""diagnostic_subset_not_gate""]","[""threshold_failed:p95_confirmation_processing_ms:448.18065729868994:200.0""]",True,True,,3,0.08500000000003638,95.57881399996404,100.56427299969073,False,True,103,9,0.9196428571428571,"{""circle_detector+cross_detector"": 9}",266.528,271.74039999999997,18,17,18,17,17,17,17,17,17,17,,0.0,0.05555555555555555,0.0,0.05634356943794013,0.1091428657707581,17,True,True,7.0,7.066,1.0,0.9906594961788848,113,82,83,0.9828961789355638,1.664855072459331,0.0,0.0,0.004642857142825815,0.004642857142825815,20,0.65,0.65,0.9484147076976176,0.004642857142825815,20,1.0,1.0,0.9540270831662354,0.005603448275824279,25,0.84,0.84,0.9973577105605766,0.005603448275824279,414,343,207,6,360,52,36,0,3,0,0,0,visual_only,False,navigation_topics_not_subscribed,,,,visual_only_no_navigation_acceptance_event,[],[],,full,True,True,True,True,0.0,0.0,18,0.0,0.0,0.019597219418253972,0.020445674924030665,100,0.83,0.83,0.83,0.83,0.0,0.017991992191862205,,,,,,,
dynamic_pillbox_h2p4_v1p5,dynamic,pillbox,2.4,1.5,completed,DIAGNOSTIC,True,DIAGNOSTIC_ONLY,False,"[""diagnostic_subset_not_gate""]","[""threshold_failed:p95_confirmation_processing_ms:448.18065729868994:200.0""]",True,True,,2,0.15599999999994907,81.3455370007432,118.15012899933208,False,True,71,9,0.8875,"{""circle_detector+cross_detector"": 5, ""circle_detector+target_detector"": 4}",107.43719999999999,110.18639999999999,13,12,13,12,12,12,12,12,12,12,,0.0,0.07692307692307693,0.0,0.09588595198295037,0.15868553275934938,12,True,True,4.666666666666667,4.705,1.5,1.487778958554729,86,62,63,1.4975747112702646,2.594054797507222,0.0,0.0,0.004642857142825815,0.004642857142825815,20,0.65,0.65,0.9484147076976176,0.004642857142825815,20,1.0,1.0,0.9540270831662354,0.005603448275824279,25,0.76,0.76,1.5124220717591852,0.005603448275824279,248,207,124,6,206,42,28,0,3,0,0,0,visual_only,False,navigation_topics_not_subscribed,,,,visual_only_no_navigation_acceptance_event,[],[],,full,True,True,True,True,0.0,0.0,13,0.0,0.0,0.019655621036412965,0.0204607450156238,100,0.83,0.83,0.83,0.83,0.0,0.017991992191862205,,,,,,,
dynamic_pillbox_h2p4_v2p0,dynamic,pillbox,2.4,2.0,completed,DIAGNOSTIC,True,DIAGNOSTIC_ONLY,False,"[""diagnostic_subset_not_gate""]","[""threshold_failed:p95_confirmation_processing_ms:448.18065729868994:200.0""]",True,True,,2,0.16599999999993997,156.2692320003407,221.27264099981403,False,True,63,4,0.9402985074626866,"{""circle_detector+cross_detector"": 4}",152.6834,162.20260000000002,9,8,9,8,8,8,8,8,8,8,,0.0,0.1111111111111111,0.0,0.14681667958795847,0.20931263325911437,8,True,True,3.5,3.55,2.0,1.971830985915493,70,45,46,2.0688427027065512,3.7206223105024425,0.0,0.0,0.004642857142825815,0.004642857142825815,20,0.65,0.65,0.9484147076976176,0.004642857142825815,20,1.0,1.0,0.9540270831662354,0.005603448275824279,25,0.76,0.76,1.9840825537856601,0.005603448275824279,226,188,113,6,199,27,19,0,3,0,0,0,visual_only,False,navigation_topics_not_subscribed,,,,visual_only_no_navigation_acceptance_event,[],[],,full,True,True,True,True,0.0,0.0,9,0.0,0.0,0.019597203268146717,0.02051006416391541,100,0.83,0.83,0.83,0.83,0.0,0.017991992191862205,,,,,,,
dynamic_pillbox_h3p0_v0p5,dynamic,pillbox,3.0,0.5,completed,DIAGNOSTIC,True,DIAGNOSTIC_ONLY,False,"[""diagnostic_subset_not_gate""]","[""threshold_failed:p95_confirmation_processing_ms:448.18065729868994:200.0""]",True,True,,4,0.0,61.369577999357716,74.16765800007852,False,True,164,20,0.8913043478260869,"{""circle_detector"": 1, ""circle_detector+cross_detector"": 17, ""circle_detector+target_detector"": 2}",202.336,209.629,45,41,45,41,41,41,41,41,41,41,,0.0,0.08888888888888889,0.0,0.04839753813037036,0.08488299993865256,41,True,True,14.0,14.032,0.5,0.49885974914481185,189,162,163,0.5003762135743787,0.8522727272729539,0.0,0.0,0.004642857142825815,0.004642857142825815,20,0.65,0.65,0.9484147076976176,0.004642857142825815,20,1.0,1.0,0.9506705264385904,0.005603448275824279,25,0.96,0.96,0.5004548294662365,0.005603448275824279,632,528,317,6,479,123,100,0,3,0,0,0,visual_only,False,navigation_topics_not_subscribed,,,,visual_only_no_navigation_acceptance_event,[],[],,full,True,True,True,True,0.0,0.0,45,0.0,0.0,0.015731922857024686,0.01679328141852235,100,0.83,0.83,0.83,0.83,0.0,0.017991992191862205,,,,,,,
dynamic_pillbox_h3p0_v1p0,dynamic,pillbox,3.0,1.0,completed,DIAGNOSTIC,True,DIAGNOSTIC_ONLY,False,"[""diagnostic_subset_not_gate""]","[""threshold_failed:p95_confirmation_processing_ms:448.18065729868994:200.0""]",True,True,,3,0.28500000000008185,160.47763700044015,136.23557100072503,False,True,86,10,0.8958333333333334,"{""circle_detector+cross_detector"": 10}",178.3792000000001,190.16870000000014,23,19,23,19,19,19,19,19,19,19,,0.0,0.17391304347826086,0.0,0.07802454059299332,0.11521209866786633,19,True,True,7.0,7.031,1.0,0.9955909543450434,98,71,72,1.0038640331953967,1.5605974510922647,0.0,0.0,0.004642857142825815,0.004642857142825815,20,0.65,0.65,0.9484147076976176,0.004642857142825815,20,1.0,1.0,0.9506705264385904,0.005603448275824279,25,0.84,0.84,0.9973577105605766,0.005603448275824279,311,294,177,6,252,55,45,0,3,0,0,0,visual_only,False,navigation_topics_not_subscribed,,,,visual_only_no_navigation_acceptance_event,[],[],,full,True,True,True,True,0.0,0.0,23,0.0,0.0,0.01562556881019871,0.016615702741316872,100,0.83,0.83,0.83,0.83,0.0,0.017991992191862205,,,,,,,
dynamic_pillbox_h3p0_v1p5,dynamic,pillbox,3.0,1.5,completed,DIAGNOSTIC,True,DIAGNOSTIC_ONLY,False,"[""diagnostic_subset_not_gate""]","[""threshold_failed:p95_confirmation_processing_ms:448.18065729868994:200.0""]",True,True,,3,0.08899999999994179,112.15542399986589,164.0607360004651,False,True,55,5,0.9166666666666666,"{""circle_detector+cross_detector"": 5}",167.1524,174.6876,15,13,15,13,13,13,13,13,13,13,,0.0,0.13333333333333333,0.0,0.12404784927749835,0.23285009250371458,13,True,True,4.666666666666667,4.7219999999999995,1.5,1.4824227022448118,63,45,46,1.5620984165046423,2.747982997454566,0.0,0.0,0.004642857142825815,0.004642857142825815,20,0.65,0.65,0.9484147076976176,0.004642857142825815,20,1.0,1.0,0.9506705264385904,0.005603448275824279,25,0.76,0.76,1.5124220717591852,0.005603448275824279,220,183,110,6,176,36,27,0,3,0,0,0,visual_only,False,navigation_topics_not_subscribed,,,,visual_only_no_navigation_acceptance_event,[],[],,full,True,True,True,True,0.0,0.0,15,0.0,0.0,0.01567574832507705,0.016583278324199088,100,0.83,0.83,0.83,0.83,0.0,0.017991992191862205,,,,,,,
dynamic_pillbox_h3p0_v2p0,dynamic,pillbox,3.0,2.0,completed,DIAGNOSTIC,True,DIAGNOSTIC_ONLY,False,"[""diagnostic_subset_not_gate""]","[""threshold_failed:p95_confirmation_processing_ms:448.18065729868994:200.0""]",True,True,,3,0.27800000000002,66.45150299846136,77.72765899972,False,True,48,6,0.8888888888888888,"{""circle_detector+cross_detector"": 6}",168.89,175.1125,11,11,11,11,11,11,11,11,11,11,,0.0,0.0,0.0,0.13705118084665813,0.2107384492239712,11,True,True,3.5,3.515,2.0,1.991465149359886,58,38,39,2.035600750117011,3.912087912080038,0.0,0.0,0.004642857142825815,0.004642857142825815,20,0.65,0.65,0.9484147076976176,0.004642857142825815,20,1.0,1.0,0.9506705264385904,0.005603448275824279,25,0.76,0.76,1.9840825537856601,0.005603448275824279,184,153,92,6,152,28,19,0,3,0,0,0,visual_only,False,navigation_topics_not_subscribed,,,,visual_only_no_navigation_acceptance_event,[],[],,full,True,True,True,True,0.0,0.0,11,0.0,0.0,0.01563215708582775,0.016569870933574468,100,0.83,0.83,0.83,0.83,0.0,0.017991992191862205,,,,,,,
dynamic_pillbox_h3p6_v0p5,dynamic,pillbox,3.6,0.5,completed,DIAGNOSTIC,True,DIAGNOSTIC_ONLY,False,"[""diagnostic_subset_not_gate""]","[""threshold_failed:p95_confirmation_processing_ms:448.18065729868994:200.0""]",False,False,,,,,,False,True,176,14,0.9263157894736842,"{""circle_detector+cross_detector"": 12, ""circle_detector+target_detector"": 2}",211.1182000000001,242.48670000000004,64,15,64,15,15,15,15,15,15,15,target_memory_admission,0.0,0.765625,0.0,0.0419843420252842,0.061046275635070646,15,True,True,14.0,14.022,0.5,0.4992155184709742,193,165,166,0.5042217400336234,0.8581944982566847,0.0,0.0,0.004642857142825815,0.004642857142825815,20,0.65,0.65,0.9484147076976176,0.004642857142825815,20,0.8,0.8,0.9589499089255361,0.005603448275824279,25,0.96,0.96,0.5004548294662365,0.005603448275824279,607,607,366,5,466,141,141,0,2,0,0,0,visual_only,False,navigation_topics_not_subscribed,,,,visual_only_no_navigation_acceptance_event,[],[],,full,False,False,True,True,0.0,0.0,64,0.0,0.0,0.013058502137172811,0.014232029280168196,100,0.83,0.83,0.83,0.83,0.0,0.017991992191862205,,,,,,,
dynamic_pillbox_h3p6_v1p0,dynamic,pillbox,3.6,1.0,completed,DIAGNOSTIC,True,DIAGNOSTIC_ONLY,False,"[""diagnostic_subset_not_gate""]","[""threshold_failed:p95_confirmation_processing_ms:448.18065729868994:200.0""]",False,False,,,,,,False,True,97,10,0.9065420560747663,"{""circle_detector+cross_detector"": 10}",144.045,153.45350000000002,34,8,34,8,8,8,8,8,8,8,target_memory_admission,0.0,0.7647058823529411,0.0,0.07878249074018036,0.11071257509974461,8,True,True,7.0,7.072,1.0,0.9898190045248869,111,84,85,0.9709248045811495,1.715108667189917,0.0,0.0,0.004642857142825815,0.004642857142825815,20,0.65,0.65,0.9484147076976176,0.004642857142825815,20,0.8,0.8,0.9589499089255361,0.005603448275824279,25,0.84,0.84,0.9973577105605766,0.005603448275824279,328,328,197,5,259,69,69,0,2,0,0,0,visual_only,False,navigation_topics_not_subscribed,,,,visual_only_no_navigation_acceptance_event,[],[],,full,False,False,True,True,0.0,0.0,34,0.0,0.0,0.013074202980443381,0.014177102030412218,100,0.83,0.83,0.83,0.83,0.0,0.017991992191862205,,,,,,,
dynamic_pillbox_h3p6_v1p5,dynamic,pillbox,3.6,1.5,completed,DIAGNOSTIC,True,DIAGNOSTIC_ONLY,False,"[""diagnostic_subset_not_gate""]","[""threshold_failed:p95_confirmation_processing_ms:448.18065729868994:200.0""]",False,False,,,,,,False,True,65,8,0.8904109589041096,"{""circle_detector+cross_detector"": 7, ""circle_detector+target_detector"": 1}",150.4187,156.7492,22,6,22,6,6,6,6,6,6,6,target_memory_admission,0.0,0.7272727272727273,0.0,0.13403845696996147,0.16009696008291835,6,True,True,4.666666666666667,4.773,1.5,1.4665828619316992,76,51,52,1.5009840410237716,2.342457881312858,0.0,0.0,0.004642857142825815,0.004642857142825815,20,0.65,0.65,0.9484147076976176,0.004642857142825815,20,0.8,0.8,0.9589499089255361,0.005603448275824279,25,0.76,0.76,1.5124220717591852,0.005603448275824279,210,210,127,5,174,36,36,0,2,0,0,0,visual_only,False,navigation_topics_not_subscribed,,,,visual_only_no_navigation_acceptance_event,[],[],,full,False,False,True,True,0.0,0.0,22,0.0,0.0,0.012999401232977286,0.014172630569060152,100,0.83,0.83,0.83,0.83,0.0,0.017991992191862205,,,,,,,
dynamic_pillbox_h3p6_v2p0,dynamic,pillbox,3.6,2.0,completed,DIAGNOSTIC,True,DIAGNOSTIC_ONLY,False,"[""diagnostic_subset_not_gate""]","[""threshold_failed:p95_confirmation_processing_ms:448.18065729868994:200.0""]",False,False,,,,,,False,True,49,8,0.8596491228070176,"{""circle_detector+cross_detector"": 8}",251.6683499999999,280.4920499999999,14,3,14,3,3,3,3,3,3,3,target_memory_admission,0.0,0.7857142857142857,0.0,0.14318247111947996,0.20126258567226316,3,True,True,3.5,3.515,2.0,1.991465149359886,59,35,36,1.9917621592304255,2.8208875896852317,0.0,0.0,0.004642857142825815,0.004642857142825815,20,0.65,0.65,0.9484147076976176,0.004642857142825815,20,0.8,0.8,0.9589499089255361,0.005603448275824279,25,0.76,0.76,1.9840825537856601,0.005603448275824279,164,164,99,5,139,25,25,0,2,0,0,0,visual_only,False,navigation_topics_not_subscribed,,,,visual_only_no_navigation_acceptance_event,[],[],,full,False,False,True,True,0.0,0.0,14,0.0,0.0,0.013078831109762224,0.014162771626154714,100,0.83,0.83,0.83,0.83,0.0,0.017991992191862205,,,,,,,
dynamic_bridge_h1p2_v0p5,dynamic,bridge,1.2,0.5,completed,DIAGNOSTIC,True,DIAGNOSTIC_ONLY,False,"[""diagnostic_subset_not_gate""]","[""threshold_failed:p95_confirmation_processing_ms:448.18065729868994:200.0""]",True,True,,5,0.0,52.98899500121479,72.33055300093838,False,True,133,18,0.8807947019867549,"{""circle_detector+cross_detector"": 18}",213.81199999999998,223.48125,6,6,6,6,6,6,6,6,6,6,,0.0,0.0,0.0,0.042745129562899276,0.059074675953864036,6,True,True,12.41338,12.439,0.5,0.49897017445132247,154,133,134,0.5002037273674089,0.7999176415814131,0.0,0.0,0.005236285363016471,0.005236285363016471,20,0.8,0.8,0.9700057636554344,0.005236285363016471,20,0.4,0.4,0.9494202474548186,0.005603448275824279,25,0.96,0.96,0.5004548294662365,0.005603448275824279,284,208,142,6,249,35,25,0,3,0,0,0,visual_only,False,navigation_topics_not_subscribed,,,,visual_only_no_navigation_acceptance_event,[],[],,full,True,True,True,True,0.0,0.0,6,0.0,0.0,0.03921654578469307,0.03943557911093962,100,0.83,0.83,0.83,0.83,0.0,0.017991992191862205,,,,,,,
dynamic_bridge_h1p2_v1p0,dynamic,bridge,1.2,1.0,completed,DIAGNOSTIC,True,DIAGNOSTIC_ONLY,False,"[""diagnostic_subset_not_gate""]","[""threshold_failed:p95_confirmation_processing_ms:448.18065729868994:200.0""]",False,False,,,,,,False,True,81,10,0.8901098901098901,"{""circle_detector+cross_detector"": 10}",64.90764999999999,66.86045,2,2,2,2,2,2,2,2,2,2,target_memory_admission,0.0,0.0,0.0,0.083084946406786,0.10533851980037098,2,True,True,6.20669,6.232,1.0,0.995938703465982,94,70,71,1.0018842057650288,1.6310914365588558,0.0,0.0,0.005236285363016471,0.005236285363016471,20,0.8,0.8,0.9700057636554344,0.005236285363016471,20,0.4,0.4,0.9494202474548186,0.005603448275824279,25,0.84,0.84,0.9973577105605766,0.005603448275824279,206,154,103,6,179,27,22,0,3,0,0,0,visual_only,False,navigation_topics_not_subscribed,,,,visual_only_no_navigation_acceptance_event,[],[],,full,False,False,True,True,0.0,0.0,2,0.0,0.0,0.039129126250257856,0.039192807987168156,100,0.83,0.83,0.83,0.83,0.0,0.017991992191862205,,,,,,,
dynamic_bridge_h1p2_v1p5,dynamic,bridge,1.2,1.5,completed,DIAGNOSTIC,True,DIAGNOSTIC_ONLY,False,"[""diagnostic_subset_not_gate""]","[""threshold_failed:p95_confirmation_processing_ms:448.18065729868994:200.0""]",False,False,,,,,,False,True,59,7,0.8939393939393939,"{""circle_detector+cross_detector"": 7}",78.6558,81.1088,2,2,2,2,2,2,2,2,2,2,target_memory_admission,0.0,0.0,0.0,0.12075355827846765,0.1544870409743257,2,True,True,4.137793333333334,4.18,1.5,1.484854066985646,71,48,49,1.5491068179023861,2.639939339173626,0.0,0.0,0.005236285363016471,0.005236285363016471,20,0.8,0.8,0.9700057636554344,0.005236285363016471,20,0.4,0.4,0.9494202474548186,0.005603448275824279,25,0.76,0.76,1.5124220717591852,0.005603448275824279,138,103,69,6,122,16,14,0,3,0,0,0,visual_only,False,navigation_topics_not_subscribed,,,,visual_only_no_navigation_acceptance_event,[],[],,full,False,False,True,True,0.0,0.0,2,0.0,0.0,0.03927574976599981,0.03937164947812852,100,0.83,0.83,0.83,0.83,0.0,0.017991992191862205,,,,,,,
dynamic_bridge_h1p2_v2p0,dynamic,bridge,1.2,2.0,completed,DIAGNOSTIC,True,DIAGNOSTIC_ONLY,False,"[""diagnostic_subset_not_gate""]","[""threshold_failed:p95_confirmation_processing_ms:448.18065729868994:200.0""]",False,False,,,,,,False,True,50,6,0.8928571428571429,"{""circle_detector+cross_detector"": 6}",109.1676,112.4623,2,2,1,2,2,1,1,1,2,1,target_memory_admission,0.5,0.5,0.0,0.10675169184916086,0.10675169184916086,1,True,True,3.103345,3.13,2.0,1.9829680511182108,64,38,39,1.9729838799514878,3.292312021346159,0.0,0.0,0.005236285363016471,0.005236285363016471,20,0.8,0.8,0.9700057636554344,0.005236285363016471,20,0.4,0.4,0.9494202474548186,0.005603448275824279,25,0.76,0.76,1.9840825537856601,0.005603448275824279,70,70,35,4,54,16,16,0,2,0,0,0,visual_only,False,navigation_topics_not_subscribed,,,,visual_only_no_navigation_acceptance_event,[],[],,full,False,False,True,True,0.0,0.0,2,0.0,0.0,0.03912013774629095,0.03924649092523467,100,0.83,0.83,0.83,0.83,0.0,0.017991992191862205,,,,,,,
dynamic_bridge_h1p8_v0p5,dynamic,bridge,1.8,0.5,completed,DIAGNOSTIC,True,DIAGNOSTIC_ONLY,False,"[""diagnostic_subset_not_gate""]","[""threshold_failed:p95_confirmation_processing_ms:448.18065729868994:200.0""]",True,True,,2,0.0,79.79428900034691,91.10794700063707,False,True,146,15,0.906832298136646,"{""circle_detector+cross_detector"": 15}",191.9137,198.54325,16,14,16,14,14,14,14,14,14,14,,0.0,0.125,0.0,0.05221266751139848,0.08428981740876115,14,True,True,12.41338,12.435,0.5,0.4991306795335746,164,139,140,0.5069030123908266,0.8049535434862479,0.0,0.0,0.005236285363016471,0.005236285363016471,20,0.8,0.8,0.9700057636554344,0.005236285363016471,20,0.95,0.95,0.9613616825883338,0.005603448275824279,25,0.96,0.96,0.5004548294662365,0.005603448275824279,394,297,197,6,321,73,52,0,3,0,0,0,visual_only,False,navigation_topics_not_subscribed,,,,visual_only_no_navigation_acceptance_event,[],[],,full,True,True,True,True,0.0,0.0,16,0.0,0.0,0.02599523209609119,0.02669588427513609,100,0.83,0.83,0.83,0.83,0.0,0.017991992191862205,,,,,,,
dynamic_bridge_h1p8_v1p0,dynamic,bridge,1.8,1.0,completed,DIAGNOSTIC,True,DIAGNOSTIC_ONLY,False,"[""diagnostic_subset_not_gate""]","[""threshold_failed:p95_confirmation_processing_ms:448.18065729868994:200.0""]",True,True,,2,0.0,218.9419580008689,246.9445020014973,False,True,93,6,0.9393939393939394,"{""circle_detector+cross_detector"": 6}",168.19350000000003,180.22820000000007,10,10,10,10,10,10,10,10,10,10,,0.0,0.0,0.0,0.09816675200923121,0.13638793682666542,10,True,True,6.20669,6.247,1.0,0.9935473027052986,101,73,74,1.0144616367959964,1.728305077484618,0.0,0.0,0.005236285363016471,0.005236285363016471,20,0.8,0.8,0.9700057636554344,0.005236285363016471,20,0.95,0.95,0.9613616825883338,0.005603448275824279,25,0.84,0.84,0.9973577105605766,0.005603448275824279,260,198,130,6,212,48,34,0,3,0,0,0,visual_only,False,navigation_topics_not_subscribed,,,,visual_only_no_navigation_acceptance_event,[],[],,full,True,True,True,True,0.0,0.0,10,0.0,0.0,0.02600202583282071,0.02676373370437434,100,0.83,0.83,0.83,0.83,0.0,0.017991992191862205,,,,,,,
dynamic_bridge_h1p8_v1p5,dynamic,bridge,1.8,1.5,completed,DIAGNOSTIC,True,DIAGNOSTIC_ONLY,False,"[""diagnostic_subset_not_gate""]","[""threshold_failed:p95_confirmation_processing_ms:448.18065729868994:200.0""]",False,False,,,,,,False,True,59,14,0.8082191780821918,"{""circle_detector+cross_detector"": 7, ""circle_detector+target_detector"": 7}",73.2352,75.44610000000002,7,7,7,7,7,7,7,7,7,7,target_memory_admission,0.0,0.0,0.0,0.08503581343530764,0.15847981443647427,7,True,True,4.137793333333334,4.168,1.5,1.4891290786948177,81,52,53,1.5488583678202554,2.632857956820923,0.0,0.0,0.005236285363016471,0.005236285363016471,20,0.8,0.8,0.9700057636554344,0.005236285363016471,20,0.95,0.95,0.9613616825883338,0.005603448275824279,25,0.76,0.76,1.5124220717591852,0.005603448275824279,152,115,76,6,125,27,19,0,3,0,0,0,visual_only,False,navigation_topics_not_subscribed,,,,visual_only_no_navigation_acceptance_event,[],[],,full,False,False,True,True,0.0,0.0,7,0.0,0.0,0.026032564805512592,0.02669825005043329,100,0.83,0.83,0.83,0.83,0.0,0.017991992191862205,,,,,,,
dynamic_bridge_h1p8_v2p0,dynamic,bridge,1.8,2.0,completed,DIAGNOSTIC,True,DIAGNOSTIC_ONLY,False,"[""diagnostic_subset_not_gate""]","[""threshold_failed:p95_confirmation_processing_ms:448.18065729868994:200.0""]",True,True,,3,0.15399999999999636,232.93316300078004,165.02720400058024,False,True,45,8,0.8490566037735849,"{""circle_detector+cross_detector"": 8}",131.919,134.2673,4,3,4,3,3,3,3,3,3,3,,0.0,0.25,0.0,0.20624059866794223,0.2952571709372607,3,True,True,3.103345,3.137,2.0,1.9785431941345235,56,34,35,1.9898998107823438,2.881417326874338,0.0,0.0,0.005236285363016471,0.005236285363016471,20,0.8,0.8,0.9700057636554344,0.005236285363016471,20,0.95,0.95,0.9613616825883338,0.005603448275824279,25,0.76,0.76,1.9840825537856601,0.005603448275824279,118,91,59,6,99,19,16,0,3,0,0,0,visual_only,False,navigation_topics_not_subscribed,,,,visual_only_no_navigation_acceptance_event,[],[],,full,True,True,True,True,0.0,0.0,4,0.0,0.0,0.02612815049967656,0.02652242151139844,100,0.83,0.83,0.83,0.83,0.0,0.017991992191862205,,,,,,,
dynamic_bridge_h2p4_v0p5,dynamic,bridge,2.4,0.5,completed,DIAGNOSTIC,True,DIAGNOSTIC_ONLY,False,"[""diagnostic_subset_not_gate""]","[""threshold_failed:p95_confirmation_processing_ms:448.18065729868994:200.0""]",True,True,,3,0.0,88.54750099999364,214.09174099972006,False,True,153,13,0.9216867469879518,"{""circle_detector+cross_detector"": 13}",341.31314999999995,351.63615000000004,36,32,36,32,32,32,32,32,32,32,,0.0,0.1111111111111111,0.0,0.04470024178226575,0.07120256224352077,32,True,True,12.41338,12.461,0.5,0.49808923842388253,169,144,145,0.5094033624616039,0.8350630115804525,0.0,0.0,0.005236285363016471,0.005236285363016471,20,0.8,0.8,0.9700057636554344,0.005236285363016471,20,1.0,1.0,0.9540270831662354,0.005603448275824279,25,0.96,0.96,0.5004548294662365,0.005603448275824279,436,327,218,6,318,108,65,0,3,0,0,0,visual_only,False,navigation_topics_not_subscribed,,,,visual_only_no_navigation_acceptance_event,[],[],,full,True,True,True,True,0.0,0.0,36,0.0,0.0,0.019523906964210615,0.020496123518413567,100,0.83,0.83,0.83,0.83,0.0,0.017991992191862205,,,,,,,
dynamic_bridge_h2p4_v1p0,dynamic,bridge,2.4,1.0,completed,DIAGNOSTIC,True,DIAGNOSTIC_ONLY,False,"[""diagnostic_subset_not_gate""]","[""threshold_failed:p95_confirmation_processing_ms:448.18065729868994:200.0""]",True,True,,2,0.0,72.00203600041277,78.03799499924935,False,True,92,7,0.9292929292929293,"{""circle_detector+cross_detector"": 7}",242.35860000000014,251.37740000000008,20,19,20,19,19,19,19,19,19,19,,0.0,0.05,0.0,0.062433694803331725,0.11396366573794017,19,True,True,6.20669,6.289,1.0,0.9869120686913659,102,78,79,1.0068444692004368,1.7501002874649598,0.0,0.0,0.005236285363016471,0.005236285363016471,20,0.8,0.8,0.9700057636554344,0.005236285363016471,20,1.0,1.0,0.9540270831662354,0.005603448275824279,25,0.84,0.84,0.9973577105605766,0.005603448275824279,272,206,136,6,203,66,44,0,3,0,0,0,visual_only,False,navigation_topics_not_subscribed,,,,visual_only_no_navigation_acceptance_event,[],[],,full,True,True,True,True,0.0,0.0,20,0.0,0.0,0.01947026812704287,0.02032671426145878,100,0.83,0.83,0.83,0.83,0.0,0.017991992191862205,,,,,,,
dynamic_bridge_h2p4_v1p5,dynamic,bridge,2.4,1.5,completed,DIAGNOSTIC,True,DIAGNOSTIC_ONLY,False,"[""diagnostic_subset_not_gate""]","[""threshold_failed:p95_confirmation_processing_ms:448.18065729868994:200.0""]",True,True,,1,0.11300000000005639,125.96538999969198,169.94866999993974,False,True,58,5,0.9206349206349206,"{""circle_detector+cross_detector"": 5}",151.1395,155.645,11,11,11,11,11,11,11,11,11,11,,0.0,0.0,0.0,0.12522820587287464,0.1964910746221812,11,True,True,4.137793333333334,4.187,1.5,1.4823716264628612,66,44,45,1.50607686522368,2.445995061980681,0.0,0.0,0.005236285363016471,0.005236285363016471,20,0.8,0.8,0.9700057636554344,0.005236285363016471,20,1.0,1.0,0.9540270831662354,0.005603448275824279,25,0.76,0.76,1.5124220717591852,0.005603448275824279,182,140,91,6,140,40,27,0,3,0,0,0,visual_only,False,navigation_topics_not_subscribed,,,,visual_only_no_navigation_acceptance_event,[],[],,full,True,True,True,True,0.0,0.0,11,0.0,0.0,0.019537679676533706,0.020442620571977165,100,0.83,0.83,0.83,0.83,0.0,0.017991992191862205,,,,,,,
dynamic_bridge_h2p4_v2p0,dynamic,bridge,2.4,2.0,completed,DIAGNOSTIC,True,DIAGNOSTIC_ONLY,False,"[""diagnostic_subset_not_gate""]","[""threshold_failed:p95_confirmation_processing_ms:448.18065729868994:200.0""]",True,True,,3,0.12299999999981992,94.77750000041851,100.55991300032474,False,True,51,2,0.9622641509433962,"{""circle_detector+cross_detector"": 2}",221.73700000000002,226.27525,6,6,6,6,6,6,6,6,6,6,,0.0,0.0,0.0,0.2224880510693822,0.3053713583842328,6,True,True,3.103345,3.146,2.0,1.9728830260648442,56,31,32,1.9090763584089638,3.0550934214235608,0.0,0.0,0.005236285363016471,0.005236285363016471,20,0.8,0.8,0.9700057636554344,0.005236285363016471,20,1.0,1.0,0.9540270831662354,0.005603448275824279,25,0.76,0.76,1.9840825537856601,0.005603448275824279,168,132,84,6,132,35,27,0,3,0,0,0,visual_only,False,navigation_topics_not_subscribed,,,,visual_only_no_navigation_acceptance_event,[],[],,full,True,True,True,True,0.0,0.0,6,0.0,0.0,0.019373681827559518,0.020090583049011856,100,0.83,0.83,0.83,0.83,0.0,0.017991992191862205,,,,,,,
dynamic_bridge_h3p0_v0p5,dynamic,bridge,3.0,0.5,completed,DIAGNOSTIC,True,DIAGNOSTIC_ONLY,False,"[""diagnostic_subset_not_gate""]","[""threshold_failed:p95_confirmation_processing_ms:448.18065729868994:200.0""]",True,True,,3,0.0,96.69807499994931,81.64136599953054,False,True,150,12,0.9259259259259259,"{""circle_detector+cross_detector"": 12}",330.7916000000001,340.7912,49,47,49,47,47,47,47,47,47,47,,0.0,0.04081632653061224,0.0,0.04435993113066538,0.08384744527656024,47,True,True,12.41338,12.488,0.5,0.497012331838565,164,143,144,0.5072341874315179,0.8478775130830136,0.0,0.0,0.005236285363016471,0.005236285363016471,20,0.8,0.8,0.9700057636554344,0.005236285363016471,20,1.0,1.0,0.9506705264385904,0.005603448275824279,25,0.96,0.96,0.5004548294662365,0.005603448275824279,467,350,235,6,323,114,55,0,3,0,0,0,visual_only,False,navigation_topics_not_subscribed,,,,visual_only_no_navigation_acceptance_event,[],[],,full,True,True,True,True,0.0,0.0,49,0.0,0.0,0.015613197089348807,0.01671530946284896,100,0.83,0.83,0.83,0.83,0.0,0.017991992191862205,,,,,,,
dynamic_bridge_h3p0_v1p0,dynamic,bridge,3.0,1.0,completed,DIAGNOSTIC,True,DIAGNOSTIC_ONLY,False,"[""diagnostic_subset_not_gate""]","[""threshold_failed:p95_confirmation_processing_ms:448.18065729868994:200.0""]",True,True,,3,0.0,176.90750600013416,110.65598400091403,False,True,72,9,0.8888888888888888,"{""circle_detector+cross_detector"": 9}",201.13,211.999,23,21,23,21,21,21,21,21,21,21,,0.0,0.08695652173913043,0.0,0.08557167950328633,0.15821087458142816,21,True,True,6.20669,6.231,1.0,0.9960985395602632,83,62,63,1.0110682089657332,1.6799684871046612,0.0,0.0,0.005236285363016471,0.005236285363016471,20,0.8,0.8,0.9700057636554344,0.005236285363016471,20,1.0,1.0,0.9506705264385904,0.005603448275824279,25,0.84,0.84,0.9973577105605766,0.005603448275824279,231,177,117,6,165,54,31,0,3,0,0,0,visual_only,False,navigation_topics_not_subscribed,,,,visual_only_no_navigation_acceptance_event,[],[],,full,True,True,True,True,0.0,0.0,23,0.0,0.0,0.01554598355014315,0.016638134632175013,100,0.83,0.83,0.83,0.83,0.0,0.017991992191862205,,,,,,,
dynamic_bridge_h3p0_v1p5,dynamic,bridge,3.0,1.5,completed,DIAGNOSTIC,True,DIAGNOSTIC_ONLY,False,"[""diagnostic_subset_not_gate""]","[""threshold_failed:p95_confirmation_processing_ms:448.18065729868994:200.0""]",True,True,,3,0.0,71.52734800001781,78.20278400140523,False,True,69,4,0.9452054794520548,"{""circle_detector+cross_detector"": 4}",307.113,317.8973,19,18,19,18,18,18,18,18,18,18,,0.0,0.05263157894736842,0.0,0.10593718377818107,0.23387511664915514,18,True,True,4.137793333333334,4.171,1.5,1.488058019659554,75,52,53,1.5555030166186337,2.632682911419854,0.0,0.0,0.005236285363016471,0.005236285363016471,20,0.8,0.8,0.9700057636554344,0.005236285363016471,20,1.0,1.0,0.9506705264385904,0.005603448275824279,25,0.76,0.76,1.5124220717591852,0.005603448275824279,225,174,113,6,165,51,31,0,3,0,0,0,visual_only,False,navigation_topics_not_subscribed,,,,visual_only_no_navigation_acceptance_event,[],[],,full,True,True,True,True,0.0,0.0,19,0.0,0.0,0.0155930511795297,0.016783845932878093,100,0.83,0.83,0.83,0.83,0.0,0.017991992191862205,,,,,,,
dynamic_bridge_h3p0_v2p0,dynamic,bridge,3.0,2.0,completed,DIAGNOSTIC,True,DIAGNOSTIC_ONLY,False,"[""diagnostic_subset_not_gate""]","[""threshold_failed:p95_confirmation_processing_ms:448.18065729868994:200.0""]",True,True,,0,0.18000000000006366,118.5932150001463,131.05749800160993,False,True,51,3,0.9444444444444444,"{""circle_detector+cross_detector"": 3}",125.714,128.3145,11,11,11,11,11,11,11,11,11,11,,0.0,0.0,0.0,0.18874200428076854,0.3058185856881172,11,True,True,3.103345,3.124,2.0,1.9867765685019205,57,33,34,1.9906160740121728,3.0502963675183388,0.0,0.0,0.005236285363016471,0.005236285363016471,20,0.8,0.8,0.9700057636554344,0.005236285363016471,20,1.0,1.0,0.9506705264385904,0.005603448275824279,25,0.76,0.76,1.9840825537856601,0.005603448275824279,179,141,90,6,137,37,26,0,3,0,0,0,visual_only,False,navigation_topics_not_subscribed,,,,visual_only_no_navigation_acceptance_event,[],[],,full,True,True,True,True,0.0,0.0,11,0.0,0.0,0.015542221635996514,0.016496900259319693,100,0.83,0.83,0.83,0.83,0.0,0.017991992191862205,,,,,,,
dynamic_bridge_h3p6_v0p5,dynamic,bridge,3.6,0.5,completed,DIAGNOSTIC,True,DIAGNOSTIC_ONLY,False,"[""diagnostic_subset_not_gate""]","[""threshold_failed:p95_confirmation_processing_ms:448.18065729868994:200.0""]",True,True,,3,0.0,170.446580999851,185.7047989997227,False,True,160,16,0.9090909090909091,"{""circle_detector"": 1, ""circle_detector+cross_detector"": 11, ""circle_detector+target_detector"": 4}",177.7945,185.424,69,66,69,66,66,66,66,66,66,66,,0.0,0.043478260869565216,0.0,0.04407867949877395,0.08413200243424424,66,True,True,12.41338,12.444,0.5,0.4987696882031501,177,148,149,0.5038745928052211,0.8480855536943435,0.0,0.0,0.005236285363016471,0.005236285363016471,20,0.8,0.8,0.9700057636554344,0.005236285363016471,20,0.8,0.8,0.9589499089255361,0.005603448275824279,25,0.96,0.96,0.5004548294662365,0.005603448275824279,423,300,255,5,305,118,45,0,2,0,0,0,visual_only,False,navigation_topics_not_subscribed,,,,visual_only_no_navigation_acceptance_event,[],[],,full,True,True,True,True,0.0,0.0,69,0.0,0.0,0.013019997088896508,0.01418298762227316,100,0.83,0.83,0.83,0.83,0.0,0.017991992191862205,,,,,,,
dynamic_bridge_h3p6_v1p0,dynamic,bridge,3.6,1.0,completed,DIAGNOSTIC,True,DIAGNOSTIC_ONLY,False,"[""diagnostic_subset_not_gate""]","[""threshold_failed:p95_confirmation_processing_ms:448.18065729868994:200.0""]",True,True,,5,0.17099999999982174,99.55953099961334,119.9689170007332,False,True,90,6,0.9375,"{""circle_detector+cross_detector"": 6}",175.64880000000002,187.209,28,25,28,25,25,25,25,25,25,25,,0.0,0.10714285714285714,0.0,0.09017006808545025,0.14859809921624256,25,True,True,6.20669,6.228,1.0,0.9965783558124599,98,71,72,1.0037000459026142,1.5639873611098052,0.0,0.0,0.005236285363016471,0.005236285363016471,20,0.8,0.8,0.9700057636554344,0.005236285363016471,20,0.8,0.8,0.9589499089255361,0.005603448275824279,25,0.84,0.84,0.9973577105605766,0.005603448275824279,307,234,172,6,237,69,40,0,3,0,0,0,visual_only,False,navigation_topics_not_subscribed,,,,visual_only_no_navigation_acceptance_event,[],[],,full,True,True,True,True,0.0,0.0,28,0.0,0.0,0.013077455234431998,0.01411051362399814,100,0.83,0.83,0.83,0.83,0.0,0.017991992191862205,,,,,,,
dynamic_bridge_h3p6_v1p5,dynamic,bridge,3.6,1.5,completed,DIAGNOSTIC,True,DIAGNOSTIC_ONLY,False,"[""diagnostic_subset_not_gate""]","[""threshold_failed:p95_confirmation_processing_ms:448.18065729868994:200.0""]",True,True,,3,0.06400000000007822,54.484030999446986,76.72585599902959,False,True,66,2,0.9705882352941176,"{""circle_detector+cross_detector"": 2}",249.312,258.3898,22,20,22,20,20,20,20,20,20,20,,0.0,0.09090909090909091,0.0,0.10042297038715374,0.16517250688358445,20,True,True,4.137793333333334,4.167,1.5,1.4894864410847133,69,46,47,1.5338994867075693,2.4517835275559765,0.0,0.0,0.005236285363016471,0.005236285363016471,20,0.8,0.8,0.9700057636554344,0.005236285363016471,20,0.8,0.8,0.9589499089255361,0.005603448275824279,25,0.76,0.76,1.5124220717591852,0.005603448275824279,201,148,121,5,151,50,27,0,2,0,0,0,visual_only,False,navigation_topics_not_subscribed,,,,visual_only_no_navigation_acceptance_event,[],[],,full,True,True,True,True,0.0,0.0,22,0.0,0.0,0.013107389222621252,0.014198464934485688,100,0.83,0.83,0.83,0.83,0.0,0.017991992191862205,,,,,,,
dynamic_bridge_h3p6_v2p0,dynamic,bridge,3.6,2.0,completed,DIAGNOSTIC,True,DIAGNOSTIC_ONLY,False,"[""diagnostic_subset_not_gate""]","[""threshold_failed:p95_confirmation_processing_ms:448.18065729868994:200.0""]",True,True,,3,0.09799999999995634,361.45068299993,390.5781450012,False,True,65,6,0.9154929577464789,"{""circle_detector+cross_detector"": 6}",311.75755000000004,318.2115,20,20,20,20,20,20,20,20,20,20,,0.0,0.0,0.0,0.12882796542851727,0.3052705805351446,20,True,True,3.103345,3.141,2.0,1.976023559375995,73,42,43,1.9606466145366634,3.5703609655842383,0.0,0.0,0.005236285363016471,0.005236285363016471,20,0.8,0.8,0.9700057636554344,0.005236285363016471,20,0.8,0.8,0.9589499089255361,0.005603448275824279,25,0.76,0.76,1.9840825537856601,0.005603448275824279,193,143,116,5,145,48,27,0,2,0,0,0,visual_only,False,navigation_topics_not_subscribed,,,,visual_only_no_navigation_acceptance_event,[],[],,full,True,True,True,True,0.0,0.0,20,0.0,0.0,0.013103422147867985,0.014223749821530013,100,0.83,0.83,0.83,0.83,0.0,0.017991992191862205,,,,,,,
dynamic_panzer_h1p2_v0p5,dynamic,panzer,1.2,0.5,completed,DIAGNOSTIC,True,DIAGNOSTIC_ONLY,False,"[""diagnostic_subset_not_gate""]","[""threshold_failed:p95_confirmation_processing_ms:448.18065729868994:200.0""]",True,True,,1,0.06600000000003092,451.0750809986348,477.17808000015793,False,True,186,17,0.916256157635468,"{""circle_detector+cross_detector"": 17}",214.1395,224.6368,5,3,5,3,3,3,3,3,3,3,,0.0,0.4,0.0,0.04240381567271412,0.056221382110829096,3,True,True,13.6525,13.695,0.5,0.49844833880978456,206,180,181,0.49675640973329716,0.8806259514418718,0.0,0.0,0.0047610327778474,0.0047610327778474,20,0.85,0.85,0.944267438007251,0.0047610327778474,20,0.4,0.4,0.9494202474548186,0.005603448275824279,25,0.96,0.96,0.5004548294662365,0.005603448275824279,271,167,167,3,261,10,0,0,1,0,0,0,visual_only,False,navigation_topics_not_subscribed,,,,visual_only_no_navigation_acceptance_event,[],[],,full,True,True,True,True,0.0,0.0,5,0.0,0.0,0.039078698399229846,0.03933431122859698,100,0.83,0.83,0.83,0.83,0.0,0.017991992191862205,,,,,,,
dynamic_panzer_h1p2_v1p0,dynamic,panzer,1.2,1.0,completed,DIAGNOSTIC,True,DIAGNOSTIC_ONLY,False,"[""diagnostic_subset_not_gate""]","[""threshold_failed:p95_confirmation_processing_ms:448.18065729868994:200.0""]",False,False,,,,,,False,True,99,2,0.9801980198019802,"{""circle_detector+cross_detector"": 2}",56.146,58.344550000000005,2,2,2,2,2,2,2,2,2,2,target_memory_admission,0.0,0.0,0.0,0.10780002422851256,0.10808856919692314,2,True,True,6.82625,6.892,1.0,0.9904599535693557,108,83,84,0.9895154543655316,1.859601472889834,0.0,0.0,0.0047610327778474,0.0047610327778474,20,0.85,0.85,0.944267438007251,0.0047610327778474,20,0.4,0.4,0.9494202474548186,0.005603448275824279,25,0.84,0.84,0.9973577105605766,0.005603448275824279,143,89,89,3,136,7,0,0,1,0,0,0,visual_only,False,navigation_topics_not_subscribed,,,,visual_only_no_navigation_acceptance_event,[],[],,full,False,False,True,True,0.0,0.0,2,0.0,0.0,0.03902189105574223,0.03921361189522399,100,0.83,0.83,0.83,0.83,0.0,0.017991992191862205,,,,,,,
dynamic_panzer_h1p2_v1p5,dynamic,panzer,1.2,1.5,completed,DIAGNOSTIC,True,DIAGNOSTIC_ONLY,False,"[""diagnostic_subset_not_gate""]","[""threshold_failed:p95_confirmation_processing_ms:448.18065729868994:200.0""]",False,False,,,,,,False,True,62,9,0.8732394366197183,"{""circle_detector+cross_detector"": 9}",127.95089999999999,133.15130000000002,2,2,2,2,2,2,2,2,2,2,target_memory_admission,0.0,0.0,0.0,0.11950250524914861,0.15297173860341734,2,True,True,4.550833333333333,4.586,1.5,1.4884976013955515,74,51,52,1.461388504244168,2.3757162386373913,0.0,0.0,0.0047610327778474,0.0047610327778474,20,0.85,0.85,0.944267438007251,0.0047610327778474,20,0.4,0.4,0.9494202474548186,0.005603448275824279,25,0.76,0.76,1.5124220717591852,0.005603448275824279,98,61,61,3,95,3,0,0,1,0,0,0,visual_only,False,navigation_topics_not_subscribed,,,,visual_only_no_navigation_acceptance_event,[],[],,full,False,False,True,True,0.0,0.0,2,0.0,0.0,0.038985622994322976,0.039080790373353116,100,0.83,0.83,0.83,0.83,0.0,0.017991992191862205,,,,,,,
dynamic_panzer_h1p2_v2p0,dynamic,panzer,1.2,2.0,completed,DIAGNOSTIC,True,DIAGNOSTIC_ONLY,False,"[""diagnostic_subset_not_gate""]","[""threshold_failed:p95_confirmation_processing_ms:448.18065729868994:200.0""]",False,False,,,,,,False,True,60,5,0.9230769230769231,"{""circle_detector+cross_detector"": 5}",100.755,109.009,1,1,1,1,1,1,1,1,1,1,target_memory_admission,0.0,0.0,0.0,0.01452113859695969,0.01452113859695969,1,True,True,3.413125,3.43,2.0,1.9901603498542273,67,41,42,2.0104870805096224,3.4114192903552465,0.0,0.0,0.0047610327778474,0.0047610327778474,20,0.85,0.85,0.944267438007251,0.0047610327778474,20,0.4,0.4,0.9494202474548186,0.005603448275824279,25,0.76,0.76,1.9840825537856601,0.005603448275824279,93,58,58,3,90,3,0,0,1,0,0,0,visual_only,False,navigation_topics_not_subscribed,,,,visual_only_no_navigation_acceptance_event,[],[],,full,False,False,True,True,0.0,0.0,1,0.0,0.0,0.03930282686179911,0.03930282686179911,100,0.83,0.83,0.83,0.83,0.0,0.017991992191862205,,,,,,,
dynamic_panzer_h1p8_v0p5,dynamic,panzer,1.8,0.5,completed,DIAGNOSTIC,True,DIAGNOSTIC_ONLY,False,"[""diagnostic_subset_not_gate""]","[""threshold_failed:p95_confirmation_processing_ms:448.18065729868994:200.0""]",True,True,,0,0.0,93.02688600109832,97.9427560014301,False,True,170,11,0.9392265193370166,"{""circle_detector+cross_detector"": 11}",141.1053000000001,145.9852000000001,21,19,21,19,19,19,19,19,19,19,,0.0,0.09523809523809523,0.0,0.045456461071131896,0.06226964833633869,19,True,True,13.6525,13.682,0.5,0.4989219412366613,182,161,162,0.4996822518463923,0.8036555215429906,0.0,0.0,0.0047610327778474,0.0047610327778474,20,0.85,0.85,0.944267438007251,0.0047610327778474,20,0.95,0.95,0.9613616825883338,0.005603448275824279,25,0.96,0.96,0.5004548294662365,0.005603448275824279,267,165,165,3,241,26,0,0,1,0,0,0,visual_only,False,navigation_topics_not_subscribed,,,,visual_only_no_navigation_acceptance_event,[],[],,full,True,True,True,True,0.0,0.0,21,0.0,0.0,0.02609011236059891,0.026822573814041028,100,0.83,0.83,0.83,0.83,0.0,0.017991992191862205,,,,,,,
dynamic_panzer_h1p8_v1p0,dynamic,panzer,1.8,1.0,completed,DIAGNOSTIC,True,DIAGNOSTIC_ONLY,False,"[""diagnostic_subset_not_gate""]","[""threshold_failed:p95_confirmation_processing_ms:448.18065729868994:200.0""]",True,True,,0,0.0,196.04761200025678,186.67754099988088,False,True,100,10,0.9090909090909091,"{""circle_detector+cross_detector"": 10}",310.49019999999996,316.80319999999995,12,9,12,9,9,9,9,9,9,9,,0.0,0.25,0.0,0.0601303510723312,0.1083976582975712,9,True,True,6.82625,6.857,1.0,0.9955155315735744,112,88,89,0.9968786443884993,1.5813467877771052,0.0,0.0,0.0047610327778474,0.0047610327778474,20,0.85,0.85,0.944267438007251,0.0047610327778474,20,0.95,0.95,0.9613616825883338,0.005603448275824279,25,0.84,0.84,0.9973577105605766,0.005603448275824279,167,105,105,3,156,11,0,0,1,0,0,0,visual_only,False,navigation_topics_not_subscribed,,,,visual_only_no_navigation_acceptance_event,[],[],,full,True,True,True,True,0.0,0.0,12,0.0,0.0,0.02602340487490607,0.02677036328071316,100,0.83,0.83,0.83,0.83,0.0,0.017991992191862205,,,,,,,
dynamic_panzer_h1p8_v1p5,dynamic,panzer,1.8,1.5,completed,DIAGNOSTIC,True,DIAGNOSTIC_ONLY,False,"[""diagnostic_subset_not_gate""]","[""threshold_failed:p95_confirmation_processing_ms:448.18065729868994:200.0""]",True,True,,0,0.18899999999985084,94.41658700052358,245.48213700109045,False,True,82,2,0.9761904761904762,"{""circle_detector+cross_detector"": 2}",169.733,175.78325,7,6,7,6,6,6,6,6,6,6,,0.0,0.14285714285714285,0.0,0.0846542704514378,0.1574048533865584,6,True,True,4.550833333333333,4.562,1.5,1.4963283647523016,85,59,60,1.5186717336459692,2.5195355182590298,0.0,0.0,0.0047610327778474,0.0047610327778474,20,0.85,0.85,0.944267438007251,0.0047610327778474,20,0.95,0.95,0.9613616825883338,0.005603448275824279,25,0.76,0.76,1.5124220717591852,0.005603448275824279,133,84,84,3,126,7,0,0,1,0,0,0,visual_only,False,navigation_topics_not_subscribed,,,,visual_only_no_navigation_acceptance_event,[],[],,full,True,True,True,True,0.0,0.0,7,0.0,0.0,0.026082126819099292,0.02686786865727436,100,0.83,0.83,0.83,0.83,0.0,0.017991992191862205,,,,,,,
dynamic_panzer_h1p8_v2p0,dynamic,panzer,1.8,2.0,completed,DIAGNOSTIC,True,DIAGNOSTIC_ONLY,False,"[""diagnostic_subset_not_gate""]","[""threshold_failed:p95_confirmation_processing_ms:448.18065729868994:200.0""]",True,True,,0,0.10300000000006548,138.66126399989298,182.31183500029147,False,True,72,2,0.972972972972973,"{""circle_detector+cross_detector"": 2}",90.6908,92.5521,7,7,7,7,7,7,7,7,7,7,,0.0,0.0,0.0,0.10853075821242165,0.17781310715857734,7,True,True,3.413125,3.442,2.0,1.9832219639744333,76,46,47,2.0096953237456394,3.495954460448325,0.0,0.0,0.0047610327778474,0.0047610327778474,20,0.85,0.85,0.944267438007251,0.0047610327778474,20,0.95,0.95,0.9613616825883338,0.005603448275824279,25,0.76,0.76,1.9840825537856601,0.005603448275824279,132,84,84,3,125,7,0,0,1,0,0,0,visual_only,False,navigation_topics_not_subscribed,,,,visual_only_no_navigation_acceptance_event,[],[],,full,True,True,True,True,0.0,0.0,7,0.0,0.0,0.026122552323843858,0.026712372393421245,100,0.83,0.83,0.83,0.83,0.0,0.017991992191862205,,,,,,,
dynamic_panzer_h2p4_v0p5,dynamic,panzer,2.4,0.5,completed,DIAGNOSTIC,True,DIAGNOSTIC_ONLY,False,"[""diagnostic_subset_not_gate""]","[""threshold_failed:p95_confirmation_processing_ms:448.18065729868994:200.0""]",True,True,,1,0.0,69.23802900018927,43.71026800072286,False,True,190,13,0.9359605911330049,"{""circle_detector+cross_detector"": 12, ""circle_detector+target_detector"": 1}",175.61340000000013,180.89640000000014,41,39,41,39,39,39,39,39,39,39,,0.0,0.04878048780487805,0.0,0.03882117687273123,0.060407855830563,39,True,True,13.6525,13.721,0.5,0.4975038262517309,206,181,182,0.5013516785510065,0.8168302022236794,0.0,0.0,0.0047610327778474,0.0047610327778474,20,0.85,0.85,0.944267438007251,0.0047610327778474,20,1.0,1.0,0.9540270831662354,0.005603448275824279,25,0.96,0.96,0.5004548294662365,0.005603448275824279,322,200,200,3,276,46,0,0,1,0,0,0,visual_only,False,navigation_topics_not_subscribed,,,,visual_only_no_navigation_acceptance_event,[],[],,full,True,True,True,True,0.0,0.0,41,0.0,0.0,0.01956107360540336,0.020510815978348872,100,0.83,0.83,0.83,0.83,0.0,0.017991992191862205,,,,,,,
dynamic_panzer_h2p4_v1p0,dynamic,panzer,2.4,1.0,completed,DIAGNOSTIC,True,DIAGNOSTIC_ONLY,False,"[""diagnostic_subset_not_gate""]","[""threshold_failed:p95_confirmation_processing_ms:448.18065729868994:200.0""]",True,True,,1,0.0,40.91116600102396,79.11582199994882,False,True,104,2,0.9811320754716981,"{""circle_detector+cross_detector"": 2}",211.63925,215.82875,17,16,17,16,16,16,16,16,16,16,,0.0,0.058823529411764705,0.0,0.07531998679037562,0.12185024775790572,16,True,True,6.82625,6.878,1.0,0.9924760104681594,107,84,85,0.9944513333570488,1.578090829927454,0.0,0.0,0.0047610327778474,0.0047610327778474,20,0.85,0.85,0.944267438007251,0.0047610327778474,20,1.0,1.0,0.9540270831662354,0.005603448275824279,25,0.84,0.84,0.9973577105605766,0.005603448275824279,191,121,121,3,171,20,0,0,1,0,0,0,visual_only,False,navigation_topics_not_subscribed,,,,visual_only_no_navigation_acceptance_event,[],[],,full,True,True,True,True,0.0,0.0,17,0.0,0.0,0.019640334244538322,0.020503685710740384,100,0.83,0.83,0.83,0.83,0.0,0.017991992191862205,,,,,,,
dynamic_panzer_h2p4_v1p5,dynamic,panzer,2.4,1.5,completed,DIAGNOSTIC,True,DIAGNOSTIC_ONLY,False,"[""diagnostic_subset_not_gate""]","[""threshold_failed:p95_confirmation_processing_ms:448.18065729868994:200.0""]",True,True,,0,0.0,121.86877299973276,140.17528099975607,False,True,78,1,0.9873417721518988,"{""circle_detector+cross_detector"": 1}",186.7765,190.5335,11,11,11,11,11,11,11,11,11,11,,0.0,0.0,0.0,0.13075427812145984,0.23168119524772623,11,True,True,4.550833333333333,4.586,1.5,1.4884976013955515,81,54,55,1.4942267873351853,2.853783444795348,0.0,0.0,0.0047610327778474,0.0047610327778474,20,0.85,0.85,0.944267438007251,0.0047610327778474,20,1.0,1.0,0.9540270831662354,0.005603448275824279,25,0.76,0.76,1.5124220717591852,0.005603448275824279,145,92,92,3,132,13,0,0,1,0,0,0,visual_only,False,navigation_topics_not_subscribed,,,,visual_only_no_navigation_acceptance_event,[],[],,full,True,True,True,True,0.0,0.0,11,0.0,0.0,0.019585866446151068,0.02055614920732829,100,0.83,0.83,0.83,0.83,0.0,0.017991992191862205,,,,,,,
dynamic_panzer_h2p4_v2p0,dynamic,panzer,2.4,2.0,completed,DIAGNOSTIC,True,DIAGNOSTIC_ONLY,False,"[""diagnostic_subset_not_gate""]","[""threshold_failed:p95_confirmation_processing_ms:448.18065729868994:200.0""]",True,True,,1,0.0,66.71638300031191,111.90453000017442,False,True,60,0,1.0,{},118.15299999999999,122.5855,11,11,11,11,11,11,11,11,11,11,,0.0,0.0,0.0,0.11755467400875633,0.20660718949304502,11,True,True,3.413125,3.453,2.0,1.9769041413263828,61,40,41,2.0238195239678656,3.3004999795323027,0.0,0.0,0.0047610327778474,0.0047610327778474,20,0.85,0.85,0.944267438007251,0.0047610327778474,20,1.0,1.0,0.9540270831662354,0.005603448275824279,25,0.76,0.76,1.9840825537856601,0.005603448275824279,106,66,66,3,94,12,0,0,1,0,0,0,visual_only,False,navigation_topics_not_subscribed,,,,visual_only_no_navigation_acceptance_event,[],[],,full,True,True,True,True,0.0,0.0,11,0.0,0.0,0.019563362495779803,0.02036149990513083,100,0.83,0.83,0.83,0.83,0.0,0.017991992191862205,,,,,,,
dynamic_panzer_h3p0_v0p5,dynamic,panzer,3.0,0.5,completed,DIAGNOSTIC,True,DIAGNOSTIC_ONLY,False,"[""diagnostic_subset_not_gate""]","[""threshold_failed:p95_confirmation_processing_ms:448.18065729868994:200.0""]",True,True,,1,0.0,8.785606998571893,65.29070899887301,False,True,200,3,0.9852216748768473,"{""circle_detector+cross_detector"": 3}",121.4952,125.0467,55,55,55,55,55,55,55,55,55,55,,0.0,0.0,0.0,0.03960443719407817,0.060782116724698715,55,True,True,13.6525,13.681000000000001,0.5,0.4989584094729917,207,181,182,0.4955224859183109,0.8977773393841847,0.0,0.0,0.0047610327778474,0.0047610327778474,20,0.85,0.85,0.944267438007251,0.0047610327778474,20,1.0,1.0,0.9506705264385904,0.005603448275824279,25,0.96,0.96,0.5004548294662365,0.005603448275824279,357,223,223,3,292,65,0,0,1,0,0,0,visual_only,False,navigation_topics_not_subscribed,,,,visual_only_no_navigation_acceptance_event,[],[],,full,True,True,True,True,0.0,0.0,55,0.0,0.0,0.01567541492936314,0.01676115623976509,100,0.83,0.83,0.83,0.83,0.0,0.017991992191862205,,,,,,,
dynamic_panzer_h3p0_v1p0,dynamic,panzer,3.0,1.0,completed,DIAGNOSTIC,True,DIAGNOSTIC_ONLY,False,"[""diagnostic_subset_not_gate""]","[""threshold_failed:p95_confirmation_processing_ms:448.18065729868994:200.0""]",True,True,,0,0.0,3.9845520004746504,65.24583200007328,False,True,106,2,0.9814814814814815,"{""circle_detector+cross_detector"": 2}",192.9986,200.31960000000004,25,25,25,25,25,25,25,25,25,25,,0.0,0.0,0.0,0.07466759475959868,0.11073421522789043,25,True,True,6.82625,6.886,1.0,0.9913229741504501,110,81,82,1.0021133313664303,1.9668411448323146,0.0,0.0,0.0047610327778474,0.0047610327778474,20,0.85,0.85,0.944267438007251,0.0047610327778474,20,1.0,1.0,0.9506705264385904,0.005603448275824279,25,0.84,0.84,0.9973577105605766,0.005603448275824279,194,122,122,3,166,28,0,0,1,0,0,0,visual_only,False,navigation_topics_not_subscribed,,,,visual_only_no_navigation_acceptance_event,[],[],,full,True,True,True,True,0.0,0.0,25,0.0,0.0,0.015725878100292766,0.01676971863174849,100,0.83,0.83,0.83,0.83,0.0,0.017991992191862205,,,,,,,
dynamic_panzer_h3p0_v1p5,dynamic,panzer,3.0,1.5,completed,DIAGNOSTIC,True,DIAGNOSTIC_ONLY,False,"[""diagnostic_subset_not_gate""]","[""threshold_failed:p95_confirmation_processing_ms:448.18065729868994:200.0""]",True,True,,0,0.051000000000385626,88.5511550004594,70.11923599930014,False,True,85,1,0.9883720930232558,"{""circle_detector+cross_detector"": 1}",116.933,122.398,17,17,17,17,17,17,17,17,17,17,,0.0,0.0,0.0,0.11472475702806408,0.17395240749360064,17,True,True,4.550833333333333,4.568,1.5,1.49436295971979,90,61,62,1.520223553093182,2.432733428379975,0.0,0.0,0.0047610327778474,0.0047610327778474,20,0.85,0.85,0.944267438007251,0.0047610327778474,20,1.0,1.0,0.9506705264385904,0.005603448275824279,25,0.76,0.76,1.5124220717591852,0.005603448275824279,152,96,96,3,133,19,0,0,1,0,0,0,visual_only,False,navigation_topics_not_subscribed,,,,visual_only_no_navigation_acceptance_event,[],[],,full,True,True,True,True,0.0,0.0,17,0.0,0.0,0.01576852713757802,0.016760907824524624,100,0.83,0.83,0.83,0.83,0.0,0.017991992191862205,,,,,,,
dynamic_panzer_h3p0_v2p0,dynamic,panzer,3.0,2.0,completed,DIAGNOSTIC,True,DIAGNOSTIC_ONLY,False,"[""diagnostic_subset_not_gate""]","[""threshold_failed:p95_confirmation_processing_ms:448.18065729868994:200.0""]",True,True,,0,0.2159999999998945,119.01300699901185,124.49309199837444,False,True,62,4,0.9393939393939394,"{""circle_detector+cross_detector"": 4}",127.20835000000002,130.59850000000003,10,10,10,10,10,10,10,10,10,10,,0.0,0.0,0.0,0.1877051825436948,0.3067522262518986,10,True,True,3.413125,3.421,2.0,1.995396083016662,67,40,41,1.9171633260649144,3.09658518145176,0.0,0.0,0.0047610327778474,0.0047610327778474,20,0.85,0.85,0.944267438007251,0.0047610327778474,20,1.0,1.0,0.9506705264385904,0.005603448275824279,25,0.76,0.76,1.9840825537856601,0.005603448275824279,115,74,74,3,106,9,0,0,1,0,0,0,visual_only,False,navigation_topics_not_subscribed,,,,visual_only_no_navigation_acceptance_event,[],[],,full,True,True,True,True,0.0,0.0,10,0.0,0.0,0.015576084453771594,0.01652854725204958,100,0.83,0.83,0.83,0.83,0.0,0.017991992191862205,,,,,,,
dynamic_panzer_h3p6_v0p5,dynamic,panzer,3.6,0.5,completed,DIAGNOSTIC,True,DIAGNOSTIC_ONLY,False,"[""diagnostic_subset_not_gate""]","[""threshold_failed:p95_confirmation_processing_ms:448.18065729868994:200.0""]",True,True,,1,0.0,154.30508600002213,142.8741279996757,False,True,187,5,0.9739583333333334,"{""circle_detector+cross_detector"": 5}",163.415,168.8758,68,65,68,65,65,65,65,65,65,65,,0.0,0.04411764705882353,0.0,0.04373950980852985,0.0617105937330053,65,True,True,13.6525,13.688,0.5,0.49870324371712443,194,172,173,0.4955294255822841,0.8722848255463065,0.0,0.0,0.0047610327778474,0.0047610327778474,20,0.85,0.85,0.944267438007251,0.0047610327778474,20,0.8,0.8,0.9589499089255361,0.005603448275824279,25,0.96,0.96,0.5004548294662365,0.005603448275824279,376,236,236,3,299,77,0,0,1,0,0,0,visual_only,False,navigation_topics_not_subscribed,,,,visual_only_no_navigation_acceptance_event,[],[],,full,True,True,True,True,0.0,0.0,68,0.0,0.0,0.013059361534441056,0.014159205545160976,100,0.83,0.83,0.83,0.83,0.0,0.017991992191862205,,,,,,,
dynamic_panzer_h3p6_v1p0,dynamic,panzer,3.6,1.0,completed,DIAGNOSTIC,True,DIAGNOSTIC_ONLY,False,"[""diagnostic_subset_not_gate""]","[""threshold_failed:p95_confirmation_processing_ms:448.18065729868994:200.0""]",True,True,,1,0.0,160.12692699951003,194.16504800028633,False,True,89,1,0.9888888888888889,"{""circle_detector+cross_detector"": 1}",206.81229999999994,212.84634999999997,28,28,28,28,28,28,28,28,28,28,,0.0,0.0,0.0,0.09075201911214943,0.1923817185485247,28,True,True,6.82625,6.899,1.0,0.9894549934773156,93,67,68,0.9722470520326684,1.4117548661792074,0.0,0.0,0.0047610327778474,0.0047610327778474,20,0.85,0.85,0.944267438007251,0.0047610327778474,20,0.8,0.8,0.9589499089255361,0.005603448275824279,25,0.84,0.84,0.9973577105605766,0.005603448275824279,183,116,116,3,153,30,0,0,1,0,0,0,visual_only,False,navigation_topics_not_subscribed,,,,visual_only_no_navigation_acceptance_event,[],[],,full,True,True,True,True,0.0,0.0,28,0.0,0.0,0.013034799032393194,0.014187761224841281,100,0.83,0.83,0.83,0.83,0.0,0.017991992191862205,,,,,,,
dynamic_panzer_h3p6_v1p5,dynamic,panzer,3.6,1.5,completed,DIAGNOSTIC,True,DIAGNOSTIC_ONLY,False,"[""diagnostic_subset_not_gate""]","[""threshold_failed:p95_confirmation_processing_ms:448.18065729868994:200.0""]",True,True,,1,0.11099999999987631,87.05050499884237,102.08700499970291,False,True,67,2,0.9710144927536232,"{""circle_detector+cross_detector"": 2}",149.6299,159.93530000000004,19,19,19,19,19,19,19,19,19,19,,0.0,0.0,0.0,0.12769596413513426,0.1674739015711529,19,True,True,4.550833333333333,4.571,1.5,1.4933821920805077,71,50,51,1.52517472694878,2.5521009352982764,0.0,0.0,0.0047610327778474,0.0047610327778474,20,0.85,0.85,0.944267438007251,0.0047610327778474,20,0.8,0.8,0.9589499089255361,0.005603448275824279,25,0.76,0.76,1.5124220717591852,0.005603448275824279,132,84,84,3,111,21,0,0,1,0,0,0,visual_only,False,navigation_topics_not_subscribed,,,,visual_only_no_navigation_acceptance_event,[],[],,full,True,True,True,True,0.0,0.0,19,0.0,0.0,0.013058714915422043,0.01411036515070858,100,0.83,0.83,0.83,0.83,0.0,0.017991992191862205,,,,,,,
dynamic_panzer_h3p6_v2p0,dynamic,panzer,3.6,2.0,completed,DIAGNOSTIC,True,DIAGNOSTIC_ONLY,False,"[""diagnostic_subset_not_gate""]","[""threshold_failed:p95_confirmation_processing_ms:448.18065729868994:200.0""]",True,True,,0,0.1639999999997599,87.7957709999464,89.93419699982041,False,True,58,1,0.9830508474576272,"{""circle_detector+cross_detector"": 1}",120.1156,125.3611,15,15,15,15,15,15,15,15,15,15,,0.0,0.0,0.0,0.1818123125924641,0.3061781890661332,15,True,True,3.413125,3.504,2.0,1.9481307077625571,61,40,41,2.008783176967951,4.038006506952383,0.0,0.0,0.0047610327778474,0.0047610327778474,20,0.85,0.85,0.944267438007251,0.0047610327778474,20,0.8,0.8,0.9589499089255361,0.005603448275824279,25,0.76,0.76,1.9840825537856601,0.005603448275824279,114,73,73,3,98,16,0,0,1,0,0,0,visual_only,False,navigation_topics_not_subscribed,,,,visual_only_no_navigation_acceptance_event,[],[],,full,True,True,True,True,0.0,0.0,15,0.0,0.0,0.013097189710104,0.014105638432013253,100,0.83,0.83,0.83,0.83,0.0,0.017991992191862205,,,,,,,
dynamic_red_cross_h1p2_v0p5,dynamic,red_cross,1.2,0.5,completed,DIAGNOSTIC,True,DIAGNOSTIC_ONLY,False,"[""diagnostic_subset_not_gate""]","[""threshold_failed:p95_confirmation_processing_ms:448.18065729868994:200.0""]",True,True,,0,0.04599999999982174,583.4533409997675,681.2423999999737,False,True,143,40,0.7814207650273224,"{""circle_detector"": 1, ""circle_detector+cross_detector"": 18, ""circle_detector+target_detector"": 21}",191.98,200.129,25,21,21,18,18,18,18,18,18,18,,0.0,0.28,0.0,0.028844076401095046,0.07567495441076509,18,True,True,11.6,11.813,0.5,0.49098450859222886,190,163,164,0.4937725192983989,0.8620689655173602,0.0,0.0,0.005603448275824279,0.005603448275824279,20,0.9,0.9,0.953528909522859,0.005603448275824279,20,0.4,0.4,0.9494202474548186,0.005603448275824279,25,0.96,0.96,0.5004548294662365,0.005603448275824279,96,0,0,1,78,18,0,0,1,0,0,0,visual_only,False,navigation_topics_not_subscribed,,,,visual_only_no_navigation_acceptance_event,[],[],,full,True,True,True,True,0.0,0.0,25,0.0,0.0,0.03915587475052531,0.04016751109198424,100,0.83,0.83,0.83,0.83,0.0,0.017991992191862205,,,,,,,
dynamic_red_cross_h1p2_v1p0,dynamic,red_cross,1.2,1.0,completed,DIAGNOSTIC,True,DIAGNOSTIC_ONLY,False,"[""diagnostic_subset_not_gate""]","[""threshold_failed:p95_confirmation_processing_ms:448.18065729868994:200.0""]",True,True,,0,0.0840000000002874,314.7226490000321,671.0579079990566,False,True,79,24,0.7669902912621359,"{""circle_detector"": 2, ""circle_detector+cross_detector"": 13, ""circle_detector+target_detector"": 9}",130.36705,134.45690000000002,12,10,9,8,8,8,8,8,8,8,,0.0,0.3333333333333333,0.0,0.052943997017682695,0.10337577419366994,8,True,True,5.8,5.885,1.0,0.9855564995751912,112,80,81,1.0227124754884431,2.058437773235338,0.0,0.0,0.005603448275824279,0.005603448275824279,20,0.9,0.9,0.953528909522859,0.005603448275824279,20,0.4,0.4,0.9494202474548186,0.005603448275824279,25,0.84,0.84,0.9973577105605766,0.005603448275824279,52,0,0,1,44,8,0,0,1,0,0,0,visual_only,False,navigation_topics_not_subscribed,,,,visual_only_no_navigation_acceptance_event,[],[],,full,True,True,True,True,0.0,0.0,12,0.0,0.0,0.039352991560220485,0.0402672132520161,100,0.83,0.83,0.83,0.83,0.0,0.017991992191862205,,,,,,,
dynamic_red_cross_h1p2_v1p5,dynamic,red_cross,1.2,1.5,completed,DIAGNOSTIC,True,DIAGNOSTIC_ONLY,False,"[""diagnostic_subset_not_gate""]","[""threshold_failed:p95_confirmation_processing_ms:448.18065729868994:200.0""]",False,False,,,,,,False,True,58,19,0.7532467532467533,"{""circle_detector"": 4, ""circle_detector+cross_detector"": 6, ""circle_detector+target_detector"": 9}",106.8545,109.73275000000001,8,6,3,3,3,3,3,3,3,3,target_memory_admission,0.0,0.625,0.0,0.12680957041566876,0.15212280721447533,3,True,True,3.8666666666666667,3.879,1.5,1.4952307295694767,86,52,53,1.518473351463031,2.924932582173054,0.0,0.0,0.005603448275824279,0.005603448275824279,20,0.9,0.9,0.953528909522859,0.005603448275824279,20,0.4,0.4,0.9494202474548186,0.005603448275824279,25,0.76,0.76,1.5124220717591852,0.005603448275824279,38,0,0,1,37,1,0,0,1,0,0,0,visual_only,False,navigation_topics_not_subscribed,,,,visual_only_no_navigation_acceptance_event,[],[],,full,False,False,True,True,0.0,0.0,8,0.0,0.0,0.0391127610729328,0.040098117499861634,100,0.83,0.83,0.83,0.83,0.0,0.017991992191862205,,,,,,,
dynamic_red_cross_h1p2_v2p0,dynamic,red_cross,1.2,2.0,completed,DIAGNOSTIC,True,DIAGNOSTIC_ONLY,False,"[""diagnostic_subset_not_gate""]","[""threshold_failed:p95_confirmation_processing_ms:448.18065729868994:200.0""]",False,False,,,,,,False,True,46,16,0.7419354838709677,"{""circle_detector+cross_detector"": 8, ""circle_detector+target_detector"": 8}",101.47625,106.8625,7,6,5,5,5,5,5,5,5,5,target_memory_admission,0.0,0.2857142857142857,0.0,0.14272114359080015,0.203785875651904,5,True,True,2.9,3.054,2.0,1.899148657498363,68,39,40,1.897099066987744,3.284153005457572,0.0,0.0,0.005603448275824279,0.005603448275824279,20,0.9,0.9,0.953528909522859,0.005603448275824279,20,0.4,0.4,0.9494202474548186,0.005603448275824279,25,0.76,0.76,1.9840825537856601,0.005603448275824279,28,0,0,1,25,3,0,0,1,0,0,0,visual_only,False,navigation_topics_not_subscribed,,,,visual_only_no_navigation_acceptance_event,[],[],,full,False,False,True,True,0.0,0.0,7,0.0,0.0,0.03904592936434495,0.04009627792767242,100,0.83,0.83,0.83,0.83,0.0,0.017991992191862205,,,,,,,
dynamic_red_cross_h1p8_v0p5,dynamic,red_cross,1.8,0.5,completed,DIAGNOSTIC,True,DIAGNOSTIC_ONLY,False,"[""diagnostic_subset_not_gate""]","[""threshold_failed:p95_confirmation_processing_ms:448.18065729868994:200.0""]",True,True,,0,0.2660000000000764,105.83212999881653,177.3512589988968,False,True,144,41,0.7783783783783784,"{""circle_detector"": 1, ""circle_detector+cross_detector"": 30, ""circle_detector+target_detector"": 10}",124.91355,130.60105000000001,40,34,38,32,32,32,32,32,32,32,,0.0,0.2,0.0,0.034864998747430445,0.06436312591462935,32,True,True,11.6,11.68,0.5,0.4965753424657534,191,157,158,0.50322534052341,0.8928571428579644,0.0,0.0,0.005603448275824279,0.005603448275824279,20,0.9,0.9,0.953528909522859,0.005603448275824279,20,0.95,0.95,0.9613616825883338,0.005603448275824279,25,0.96,0.96,0.5004548294662365,0.005603448275824279,104,0,0,1,71,33,0,0,1,0,0,0,visual_only,False,navigation_topics_not_subscribed,,,,visual_only_no_navigation_acceptance_event,[],[],,full,True,True,True,True,0.0,0.0,40,0.0,0.0,0.026119355155383377,0.027326939499354087,100,0.83,0.83,0.83,0.83,0.0,0.017991992191862205,,,,,,,
dynamic_red_cross_h1p8_v1p0,dynamic,red_cross,1.8,1.0,completed,DIAGNOSTIC,True,DIAGNOSTIC_ONLY,False,"[""diagnostic_subset_not_gate""]","[""threshold_failed:p95_confirmation_processing_ms:448.18065729868994:200.0""]",True,True,,0,0.21199999999998909,75.9850180002104,86.40273099990736,False,True,85,10,0.8947368421052632,"{""circle_detector+cross_detector"": 10}",112.4897,116.63,22,19,21,18,18,18,18,18,18,18,,0.0,0.18181818181818182,0.0,0.05305724075115582,0.06969913601796619,18,True,True,5.8,5.896,1.0,0.9837177747625508,103,75,76,0.9862944903607945,1.5607940446649071,0.0,0.0,0.005603448275824279,0.005603448275824279,20,0.9,0.9,0.953528909522859,0.005603448275824279,20,0.95,0.95,0.9613616825883338,0.005603448275824279,25,0.84,0.84,0.9973577105605766,0.005603448275824279,64,0,0,1,47,17,0,0,1,0,0,0,visual_only,False,navigation_topics_not_subscribed,,,,visual_only_no_navigation_acceptance_event,[],[],,full,True,True,True,True,0.0,0.0,22,0.0,0.0,0.026120650023839877,0.027315034815282732,100,0.83,0.83,0.83,0.83,0.0,0.017991992191862205,,,,,,,
dynamic_red_cross_h1p8_v1p5,dynamic,red_cross,1.8,1.5,completed,DIAGNOSTIC,True,DIAGNOSTIC_ONLY,False,"[""diagnostic_subset_not_gate""]","[""threshold_failed:p95_confirmation_processing_ms:448.18065729868994:200.0""]",True,True,,0,0.34600000000000364,91.47634800137894,274.09724300014204,False,True,57,13,0.8142857142857143,"{""circle_detector+cross_detector"": 12, ""circle_detector+target_detector"": 1}",168.09375,173.02875,13,10,12,10,10,10,10,10,10,10,,0.0,0.23076923076923078,0.0,0.1215240454920047,0.19356755224466343,10,True,True,3.8666666666666667,3.895,1.5,1.4890885750962772,76,49,50,1.5446813076349617,2.88622981956416,0.0,0.0,0.005603448275824279,0.005603448275824279,20,0.9,0.9,0.953528909522859,0.005603448275824279,20,0.95,0.95,0.9613616825883338,0.005603448275824279,25,0.76,0.76,1.5124220717591852,0.005603448275824279,41,0,0,1,33,8,0,0,1,0,0,0,visual_only,False,navigation_topics_not_subscribed,,,,visual_only_no_navigation_acceptance_event,[],[],,full,True,True,True,True,0.0,0.0,13,0.0,0.0,0.025978076042059928,0.027408069122638566,100,0.83,0.83,0.83,0.83,0.0,0.017991992191862205,,,,,,,
dynamic_red_cross_h1p8_v2p0,dynamic,red_cross,1.8,2.0,completed,DIAGNOSTIC,True,DIAGNOSTIC_ONLY,False,"[""diagnostic_subset_not_gate""]","[""threshold_failed:p95_confirmation_processing_ms:448.18065729868994:200.0""]",True,True,,0,0.18600000000014916,110.8360399994126,279.81295400059025,False,True,54,8,0.8709677419354839,"{""circle_detector+cross_detector"": 4, ""circle_detector+target_detector"": 4}",129.2514,136.12019999999998,10,9,10,9,9,9,9,9,9,9,,0.0,0.1,0.0,0.11395243617398634,0.20479894790822128,9,True,True,2.9,2.947,2.0,1.9681031557516118,72,39,40,1.9738525532249824,3.234501347705107,0.0,0.0,0.005603448275824279,0.005603448275824279,20,0.9,0.9,0.953528909522859,0.005603448275824279,20,0.95,0.95,0.9613616825883338,0.005603448275824279,25,0.76,0.76,1.9840825537856601,0.005603448275824279,36,0,0,1,28,8,0,0,1,0,0,0,visual_only,False,navigation_topics_not_subscribed,,,,visual_only_no_navigation_acceptance_event,[],[],,full,True,True,True,True,0.0,0.0,10,0.0,0.0,0.026066983600864832,0.027057877810199474,100,0.83,0.83,0.83,0.83,0.0,0.017991992191862205,,,,,,,
dynamic_red_cross_h2p4_v0p5,dynamic,red_cross,2.4,0.5,completed,DIAGNOSTIC,True,DIAGNOSTIC_ONLY,False,"[""diagnostic_subset_not_gate""]","[""threshold_failed:p95_confirmation_processing_ms:448.18065729868994:200.0""]",True,True,,0,0.13700000000017099,503.3748170008039,516.8249970010947,False,True,140,55,0.717948717948718,"{""circle_detector"": 5, ""circle_detector+cross_detector"": 18, ""circle_detector+target_detector"": 32}",134.70479999999998,140.8062,60,53,50,45,45,45,45,45,45,45,,0.0,0.25,0.0,0.02916077309448394,0.05496725984134311,45,True,True,11.6,11.732,0.5,0.49437436072280944,204,170,171,0.4995049511264413,0.8858082706777991,0.0,0.0,0.005603448275824279,0.005603448275824279,20,0.9,0.9,0.953528909522859,0.005603448275824279,20,1.0,1.0,0.9540270831662354,0.005603448275824279,25,0.96,0.96,0.5004548294662365,0.005603448275824279,100,0,0,1,55,45,0,0,1,0,0,0,visual_only,False,navigation_topics_not_subscribed,,,,visual_only_no_navigation_acceptance_event,[],[],,full,True,True,True,True,0.0,0.0,60,0.0,0.0,0.01954326050248472,0.02082125549661977,100,0.83,0.83,0.83,0.83,0.0,0.017991992191862205,,,,,,,
dynamic_red_cross_h2p4_v1p0,dynamic,red_cross,2.4,1.0,completed,DIAGNOSTIC,True,DIAGNOSTIC_ONLY,False,"[""diagnostic_subset_not_gate""]","[""threshold_failed:p95_confirmation_processing_ms:448.18065729868994:200.0""]",True,True,,0,0.4259999999999309,25.43230800074525,517.9131380009494,False,True,64,36,0.64,"{""circle_detector"": 6, ""circle_detector+cross_detector"": 21, ""circle_detector+target_detector"": 9}",228.92399999999998,237.77579999999998,27,17,23,15,15,15,15,15,15,15,,0.0,0.4444444444444444,0.0,0.060084047505804546,0.10333852054884593,15,True,True,5.8,5.854,1.0,0.9907755380936112,107,73,74,1.0010436147370598,1.6666666666681795,0.0,0.0,0.005603448275824279,0.005603448275824279,20,0.9,0.9,0.953528909522859,0.005603448275824279,20,1.0,1.0,0.9540270831662354,0.005603448275824279,25,0.84,0.84,0.9973577105605766,0.005603448275824279,45,0,0,1,32,13,0,0,1,0,0,0,visual_only,False,navigation_topics_not_subscribed,,,,visual_only_no_navigation_acceptance_event,[],[],,full,True,True,True,True,0.0,0.0,27,0.0,0.0,0.0196660512211271,0.020882056631960442,100,0.83,0.83,0.83,0.83,0.0,0.017991992191862205,,,,,,,
dynamic_red_cross_h2p4_v1p5,dynamic,red_cross,2.4,1.5,completed,DIAGNOSTIC,True,DIAGNOSTIC_ONLY,False,"[""diagnostic_subset_not_gate""]","[""threshold_failed:p95_confirmation_processing_ms:448.18065729868994:200.0""]",True,True,,0,0.34400000000005093,189.19638599982136,647.3674570006551,False,True,53,22,0.7066666666666667,"{""circle_detector"": 5, ""circle_detector+cross_detector"": 8, ""circle_detector+target_detector"": 9}",195.92614999999995,201.45229999999992,18,14,14,12,12,12,12,12,12,12,,0.0,0.3333333333333333,0.0,0.0960547550092647,0.1864257661292636,12,True,True,3.8666666666666667,3.928,1.5,1.4765784114052953,85,52,53,1.5060117331672604,2.6053113553139173,0.0,0.0,0.005603448275824279,0.005603448275824279,20,0.9,0.9,0.953528909522859,0.005603448275824279,20,1.0,1.0,0.9540270831662354,0.005603448275824279,25,0.76,0.76,1.5124220717591852,0.005603448275824279,37,0,0,1,26,11,0,0,1,0,0,0,visual_only,False,navigation_topics_not_subscribed,,,,visual_only_no_navigation_acceptance_event,[],[],,full,True,True,True,True,0.0,0.0,18,0.0,0.0,0.01964075558355719,0.02095743848506391,100,0.83,0.83,0.83,0.83,0.0,0.017991992191862205,,,,,,,
dynamic_red_cross_h2p4_v2p0,dynamic,red_cross,2.4,2.0,completed,DIAGNOSTIC,True,DIAGNOSTIC_ONLY,False,"[""diagnostic_subset_not_gate""]","[""threshold_failed:p95_confirmation_processing_ms:448.18065729868994:200.0""]",True,True,,0,0.3730000000000473,80.45431900063704,492.93129999932717,False,True,42,19,0.6885245901639344,"{""circle_detector"": 4, ""circle_detector+cross_detector"": 7, ""circle_detector+target_detector"": 8}",121.00795000000001,128.48265,13,10,11,8,8,8,8,8,8,8,,0.0,0.38461538461538464,0.0,0.11591674560267591,0.20273041395956037,8,True,True,2.9,2.942,2.0,1.9714479945615226,72,39,40,2.0311694269649383,3.5034482758610066,0.0,0.0,0.005603448275824279,0.005603448275824279,20,0.9,0.9,0.953528909522859,0.005603448275824279,20,1.0,1.0,0.9540270831662354,0.005603448275824279,25,0.76,0.76,1.9840825537856601,0.005603448275824279,27,0,0,1,19,8,0,0,1,0,0,0,visual_only,False,navigation_topics_not_subscribed,,,,visual_only_no_navigation_acceptance_event,[],[],,full,True,True,True,True,0.0,0.0,13,0.0,0.0,0.019543314546802647,0.020624530144090124,100,0.83,0.83,0.83,0.83,0.0,0.017991992191862205,,,,,,,
dynamic_red_cross_h3p0_v0p5,dynamic,red_cross,3.0,0.5,completed,DIAGNOSTIC,True,DIAGNOSTIC_ONLY,False,"[""diagnostic_subset_not_gate""]","[""threshold_failed:p95_confirmation_processing_ms:448.18065729868994:200.0""]",True,True,,0,0.12399999999979627,233.32246800055145,388.18045500011067,False,True,143,42,0.772972972972973,"{""circle_detector"": 4, ""circle_detector+cross_detector"": 16, ""circle_detector+target_detector"": 22}",177.84999999999997,191.21659999999991,73,65,63,56,56,56,56,56,56,56,,0.0,0.2328767123287671,0.0,0.03587130782579502,0.061984811492585085,56,True,True,11.6,11.653,0.5,0.49772590749163304,189,163,164,0.4979174606009164,1.0208113804027152,0.0,0.0,0.005603448275824279,0.005603448275824279,20,0.9,0.9,0.953528909522859,0.005603448275824279,20,1.0,1.0,0.9506705264385904,0.005603448275824279,25,0.96,0.96,0.5004548294662365,0.005603448275824279,113,0,0,1,57,56,0,0,1,0,0,0,visual_only,False,navigation_topics_not_subscribed,,,,visual_only_no_navigation_acceptance_event,[],[],,full,True,True,True,True,0.0,0.0,73,0.0,0.0,0.015614423272023954,0.017022393246534408,100,0.83,0.83,0.83,0.83,0.0,0.017991992191862205,,,,,,,
dynamic_red_cross_h3p0_v1p0,dynamic,red_cross,3.0,1.0,completed,DIAGNOSTIC,True,DIAGNOSTIC_ONLY,False,"[""diagnostic_subset_not_gate""]","[""threshold_failed:p95_confirmation_processing_ms:448.18065729868994:200.0""]",True,True,,0,0.32600000000002183,139.0697410024586,255.6626710029377,False,True,82,26,0.7592592592592593,"{""circle_detector"": 2, ""circle_detector+cross_detector"": 12, ""circle_detector+target_detector"": 12}",131.49459999999996,138.45019999999997,37,33,31,27,27,27,27,27,27,27,,0.0,0.2702702702702703,0.0,0.050617016965479995,0.10476625078043013,27,True,True,5.8,5.819,1.0,0.9967348341639457,116,81,82,1.0115702013729564,1.8181818181872398,0.0,0.0,0.005603448275824279,0.005603448275824279,20,0.9,0.9,0.953528909522859,0.005603448275824279,20,1.0,1.0,0.9506705264385904,0.005603448275824279,25,0.84,0.84,0.9973577105605766,0.005603448275824279,63,0,0,1,36,27,0,0,1,0,0,0,visual_only,False,navigation_topics_not_subscribed,,,,visual_only_no_navigation_acceptance_event,[],[],,full,True,True,True,True,0.0,0.0,37,0.0,0.0,0.015668401299747267,0.01693647878847411,100,0.83,0.83,0.83,0.83,0.0,0.017991992191862205,,,,,,,
dynamic_red_cross_h3p0_v1p5,dynamic,red_cross,3.0,1.5,completed,DIAGNOSTIC,True,DIAGNOSTIC_ONLY,False,"[""diagnostic_subset_not_gate""]","[""threshold_failed:p95_confirmation_processing_ms:448.18065729868994:200.0""]",True,True,,0,0.13400000000001455,529.5548409994808,538.8032880000537,False,True,62,13,0.8266666666666667,"{""circle_detector"": 2, ""circle_detector+cross_detector"": 7, ""circle_detector+target_detector"": 4}",119.646,126.921,24,21,22,19,19,19,19,19,19,19,,0.0,0.20833333333333334,0.0,0.09057938898895604,0.1607643434171581,19,True,True,3.8666666666666667,3.933,1.5,1.474701245868294,83,51,52,1.546954270246972,3.07824075430688,0.0,0.0,0.005603448275824279,0.005603448275824279,20,0.9,0.9,0.953528909522859,0.005603448275824279,20,1.0,1.0,0.9506705264385904,0.005603448275824279,25,0.76,0.76,1.5124220717591852,0.005603448275824279,46,0,0,1,29,17,0,0,1,0,0,0,visual_only,False,navigation_topics_not_subscribed,,,,visual_only_no_navigation_acceptance_event,[],[],,full,True,True,True,True,0.0,0.0,24,0.0,0.0,0.015725143018643983,0.016997720780061024,100,0.83,0.83,0.83,0.83,0.0,0.017991992191862205,,,,,,,
dynamic_red_cross_h3p0_v2p0,dynamic,red_cross,3.0,2.0,completed,DIAGNOSTIC,True,DIAGNOSTIC_ONLY,False,"[""diagnostic_subset_not_gate""]","[""threshold_failed:p95_confirmation_processing_ms:448.18065729868994:200.0""]",True,True,,0,0.193000000000211,102.0504769985564,195.91989100081264,False,True,52,12,0.8125,"{""circle_detector+cross_detector"": 9, ""circle_detector+target_detector"": 3}",121.4898,124.75379999999998,18,17,18,17,17,17,17,17,17,17,,0.0,0.05555555555555555,0.0,0.11028654015275285,0.22541402410438263,17,True,True,2.9,2.931,2.0,1.97884680996247,73,39,40,2.007350996982677,3.700846192140391,0.0,0.0,0.005603448275824279,0.005603448275824279,20,0.9,0.9,0.953528909522859,0.005603448275824279,20,1.0,1.0,0.9506705264385904,0.005603448275824279,25,0.76,0.76,1.9840825537856601,0.005603448275824279,38,0,0,1,22,16,0,0,1,0,0,0,visual_only,False,navigation_topics_not_subscribed,,,,visual_only_no_navigation_acceptance_event,[],[],,full,True,True,True,True,0.0,0.0,18,0.0,0.0,0.015595612239643645,0.016913568256240196,100,0.83,0.83,0.83,0.83,0.0,0.017991992191862205,,,,,,,
dynamic_red_cross_h3p6_v0p5,dynamic,red_cross,3.6,0.5,completed,DIAGNOSTIC,True,DIAGNOSTIC_ONLY,False,"[""diagnostic_subset_not_gate""]","[""threshold_failed:p95_confirmation_processing_ms:448.18065729868994:200.0""]",True,True,,0,0.3380000000001928,242.9283889978251,674.7648319978907,False,True,129,40,0.7633136094674556,"{""circle_detector"": 3, ""circle_detector+cross_detector"": 19, ""circle_detector+target_detector"": 18}",170.61420000000004,176.33380000000005,85,73,71,62,62,62,62,62,62,62,,0.0,0.27058823529411763,0.0,0.03676554898884114,0.056643651812109286,62,True,True,11.6,11.62,0.5,0.4991394148020654,173,143,144,0.4995927354719677,0.8403941794077883,0.0,0.0,0.005603448275824279,0.005603448275824279,20,0.9,0.9,0.953528909522859,0.005603448275824279,20,0.8,0.8,0.9589499089255361,0.005603448275824279,25,0.96,0.96,0.5004548294662365,0.005603448275824279,107,0,0,1,46,61,0,0,1,0,0,0,visual_only,False,navigation_topics_not_subscribed,,,,visual_only_no_navigation_acceptance_event,[],[],,full,True,True,True,True,0.0,0.0,85,0.0,0.0,0.01304209746945179,0.014468437608630359,100,0.83,0.83,0.83,0.83,0.0,0.017991992191862205,,,,,,,
dynamic_red_cross_h3p6_v1p0,dynamic,red_cross,3.6,1.0,completed,DIAGNOSTIC,True,DIAGNOSTIC_ONLY,False,"[""diagnostic_subset_not_gate""]","[""threshold_failed:p95_confirmation_processing_ms:448.18065729868994:200.0""]",True,True,,0,0.28099999999994907,203.19466500222916,210.67668199975742,False,True,82,10,0.8913043478260869,"{""circle_detector+cross_detector"": 10}",160.3815,163.93824999999998,44,36,43,35,35,35,35,35,35,35,,0.0,0.20454545454545456,0.0,0.05890723164338672,0.10676555862567268,35,True,True,5.8,5.814,1.0,0.9975920192638459,95,69,70,1.0050959077605635,1.6557377049173447,0.0,0.0,0.005603448275824279,0.005603448275824279,20,0.9,0.9,0.953528909522859,0.005603448275824279,20,0.8,0.8,0.9589499089255361,0.005603448275824279,25,0.84,0.84,0.9973577105605766,0.005603448275824279,68,0,0,1,34,34,0,0,1,0,0,0,visual_only,False,navigation_topics_not_subscribed,,,,visual_only_no_navigation_acceptance_event,[],[],,full,True,True,True,True,0.0,0.0,44,0.0,0.0,0.013013133013749447,0.014470825457395024,100,0.83,0.83,0.83,0.83,0.0,0.017991992191862205,,,,,,,
dynamic_red_cross_h3p6_v1p5,dynamic,red_cross,3.6,1.5,completed,DIAGNOSTIC,True,DIAGNOSTIC_ONLY,False,"[""diagnostic_subset_not_gate""]","[""threshold_failed:p95_confirmation_processing_ms:448.18065729868994:200.0""]",True,True,,0,0.1449999999999818,77.05743500264362,208.44658200076083,False,True,65,3,0.9558823529411765,"{""circle_detector+cross_detector"": 3}",119.35135,123.8408,30,28,30,28,28,28,28,28,28,28,,0.0,0.06666666666666667,0.0,0.08688219381113473,0.15427058233144836,28,True,True,3.8666666666666667,3.884,1.5,1.4933058702368691,70,48,49,1.46041055071177,2.505939446627564,0.0,0.0,0.005603448275824279,0.005603448275824279,20,0.9,0.9,0.953528909522859,0.005603448275824279,20,0.8,0.8,0.9589499089255361,0.005603448275824279,25,0.76,0.76,1.5124220717591852,0.005603448275824279,54,0,0,1,26,28,0,0,1,0,0,0,visual_only,False,navigation_topics_not_subscribed,,,,visual_only_no_navigation_acceptance_event,[],[],,full,True,True,True,True,0.0,0.0,30,0.0,0.0,0.012930745919482073,0.014428884733831113,100,0.83,0.83,0.83,0.83,0.0,0.017991992191862205,,,,,,,
dynamic_red_cross_h3p6_v2p0,dynamic,red_cross,3.6,2.0,completed,DIAGNOSTIC,True,DIAGNOSTIC_ONLY,False,"[""diagnostic_subset_not_gate""]","[""threshold_failed:p95_confirmation_processing_ms:448.18065729868994:200.0""]",True,True,,0,0.07999999999992724,38.74694199839723,77.02222399893799,False,True,68,0,1.0,{},79.5523,82.34349999999999,27,27,27,27,27,27,27,27,27,27,,0.0,0.0,0.0,0.09767891576356848,0.2050446397456535,27,True,True,2.9,2.916,2.0,1.989026063100137,69,44,45,1.882911222315629,3.1177884615286167,0.0,0.0,0.005603448275824279,0.005603448275824279,20,0.9,0.9,0.953528909522859,0.005603448275824279,20,0.8,0.8,0.9589499089255361,0.005603448275824279,25,0.76,0.76,1.9840825537856601,0.005603448275824279,57,0,0,1,31,26,0,0,1,0,0,0,visual_only,False,navigation_topics_not_subscribed,,,,visual_only_no_navigation_acceptance_event,[],[],,full,True,True,True,True,0.0,0.0,27,0.0,0.0,0.013051701265606034,0.014449334503154106,100,0.83,0.83,0.83,0.83,0.0,0.017991992191862205,,,,,,,
