trial_id,kind,class_name,height_m,speed_mps,status,measurement_completeness_status,artifact_set_complete,performance_verdict,performance_hard_failure,performance_failure_reasons,performance_metric_failure_reasons,p_confirm,p_selected,p_interrupt,stable_id,confirmation_exposure_sec,confirmation_processing_ms,confirmation_pipeline_ms,processing_receipt_reordered,stage_trace_enabled,complete_mapped_frames,partial_only_mapped_frames,complete_mapped_rate,partial_source_sets,p95_detector_inference_ms,p95_detector_processing_ms,eligible_frames,raw_class_frames,raw_geometry_frames,resolved_frames,refined_frames,geometry_verified_frames,association_valid_frames,center_refined_frames,detection_frames,map_valid_frames,failure_stage,map_invalid_rate,map_unavailable_rate,tf_failure_rate,mean_map_error_xy,p95_map_error_xy,map_error_sample_count,entered_fully_in_frame,left_fully_in_frame,expected_duration_sec,actual_duration_sec,expected_speed_mps,actual_speed_mps,camera_pose_frame_count,motion_sample_count,lateral_offset_sample_count,mean_actual_linear_speed_mps,p95_actual_linear_speed_mps,mean_abs_actual_yaw_rate_radps,p95_abs_actual_yaw_rate_radps,mean_abs_normalized_lateral_offset,p95_abs_normalized_lateral_offset,class_group_completed_trials,class_group_p_confirm,class_group_p_selected,class_group_mean_actual_linear_speed_mps,class_group_p95_abs_normalized_lateral_offset,height_group_completed_trials,height_group_p_confirm,height_group_p_selected,height_group_mean_actual_linear_speed_mps,height_group_p95_abs_normalized_lateral_offset,speed_group_completed_trials,speed_group_p_confirm,speed_group_p_selected,speed_group_mean_actual_linear_speed_mps,speed_group_p95_abs_normalized_lateral_offset,confirmed_observations,unexpected_confirmed_observations,disallowed_confirmed_observations,unique_confirmed_targets,policy_rejected_confirmed_observations,selected_observations,unexpected_selected_observations,disallowed_selected_observations,unique_selected_targets,policy_rejected_selected_observations,tank_confirmed_observations,tank_selected_observations,navigation_metrics_mode,navigation_target_stage_capability,navigation_metrics_reason,p_decision,p_dispatch,p_planner_arrival,p_interrupt_reason,navigation_binding_keys,navigation_validation_errors,lateral_bin,visibility_profile,p_confirm_visibility,p_selected_visibility,entered_visibility_window,left_visibility_window,requested_target_path_lateral_offset_m,requested_pixel_offset_x_normalized,target_lateral_sample_count,mean_target_path_lateral_offset_m,p95_abs_target_path_lateral_offset_m,mean_target_pixel_offset_x_normalized,p95_abs_target_pixel_offset_x_normalized,lateral_group_completed_trials,lateral_group_p_confirm,lateral_group_p_selected,lateral_group_p_confirm_visibility,lateral_group_p_selected_visibility,lateral_group_mean_target_path_lateral_offset_m,lateral_group_mean_target_pixel_offset_x_normalized,design_kind,relative_angle_deg,motion_profile,framing,relative_angle_measurement,planned_sample_count,expected_primary_target_id
dynamic_tent_h1p2_v0p5,dynamic,tent,1.2,0.5,completed,DIAGNOSTIC,True,DIAGNOSTIC_ONLY,False,"[""diagnostic_subset_not_gate""]",[],True,True,,4,0.10000000000002274,,92.41052599827526,False,True,116,146,0.44274809160305345,"{""circle_detector"": 8, ""circle_detector+cross_detector"": 92, ""circle_detector+target_detector"": 6, ""cross_detector"": 24, ""cross_detector+target_detector"": 13, ""target_detector"": 3}",70.34015,74.58485,4,2,4,2,2,2,2,2,2,2,,0.0,0.5,0.0,0.07086823616447749,0.07452160726497836,2,True,True,14.0,14.015,0.5,0.4994648590795576,281,240,241,0.4993963867844945,0.7581585081593758,0.0,0.0,0.0,0.0,20,0.95,0.9,0.9559258496531879,0.0,20,0.85,0.8,0.9797000102768594,0.0,25,0.92,0.92,0.5053381846224176,0.0,65,51,31,6,34,31,18,0,3,0,0,0,visual_only,False,navigation_topics_not_subscribed,,,,visual_only_no_navigation_acceptance_event,[],[],,full,True,True,True,True,0.0,0.0,4,0.0,0.0,0.000134343924724023,0.00029414951603964565,100,0.87,0.86,0.87,0.86,0.0,0.0001510065440665649,,,,,,,
dynamic_tent_h1p2_v1p0,dynamic,tent,1.2,1.0,completed,DIAGNOSTIC,True,DIAGNOSTIC_ONLY,False,"[""diagnostic_subset_not_gate""]",[],True,True,,4,0.06600000000003092,,96.60998699837364,False,True,59,84,0.4125874125874126,"{""circle_detector"": 7, ""circle_detector+cross_detector"": 47, ""circle_detector+target_detector"": 4, ""cross_detector"": 18, ""cross_detector+target_detector"": 6, ""target_detector"": 2}",58.806,62.677,2,1,2,1,1,1,1,1,0,0,,,1.0,,,,0,True,True,7.0,7.0,1.0,1.0,170,129,130,1.019153753357251,1.499808208668056,0.0,0.0,0.0,0.0,20,0.95,0.9,0.9559258496531879,0.0,20,0.85,0.8,0.9797000102768594,0.0,25,0.92,0.92,1.014961714381675,0.0,27,22,12,6,15,12,8,0,3,0,0,0,visual_only,False,navigation_topics_not_subscribed,,,,visual_only_no_navigation_acceptance_event,[],[],,full,True,True,True,True,0.0,0.0,2,0.0,0.0,9.67408710318196e-05,0.00021867765246112112,100,0.87,0.86,0.87,0.86,0.0,0.0001510065440665649,,,,,,,
dynamic_tent_h1p2_v1p5,dynamic,tent,1.2,1.5,completed,DIAGNOSTIC,True,DIAGNOSTIC_ONLY,False,"[""diagnostic_subset_not_gate""]",[],True,True,,6,0.0,0.0,122.93546600267291,True,True,57,49,0.5377358490566038,"{""circle_detector"": 5, ""circle_detector+cross_detector"": 30, ""cross_detector"": 12, ""cross_detector+target_detector"": 2}",85.192,87.958,1,1,1,1,1,1,1,1,1,1,,0.0,0.0,0.0,0.05200233728795311,0.05200233728795311,1,True,True,4.666666666666667,4.674,1.5,1.4976465554129224,125,85,86,1.5425882817882868,2.3401162790674044,0.0,0.0,0.0,0.0,20,0.95,0.9,0.9559258496531879,0.0,20,0.85,0.8,0.9797000102768594,0.0,25,0.84,0.84,1.510465189629614,0.0,23,17,10,6,13,10,5,0,3,0,0,0,visual_only,False,navigation_topics_not_subscribed,,,,visual_only_no_navigation_acceptance_event,[],[],,full,True,True,True,True,0.0,0.0,1,0.0,0.0,5.914242288387328e-05,5.914242288387328e-05,100,0.87,0.86,0.87,0.86,0.0,0.0001510065440665649,,,,,,,
dynamic_tent_h1p2_v2p0,dynamic,tent,1.2,2.0,completed,DIAGNOSTIC,True,DIAGNOSTIC_ONLY,False,"[""diagnostic_subset_not_gate""]",[],True,False,,5,0.1289999999999054,,103.37999700277578,False,True,40,43,0.4819277108433735,"{""circle_detector"": 1, ""circle_detector+cross_detector"": 33, ""circle_detector+target_detector"": 1, ""cross_detector"": 6, ""cross_detector+target_detector"": 1, ""target_detector"": 1}",25.774,27.776,1,1,1,1,1,1,1,1,1,1,,0.0,0.0,0.0,0.07581455134540517,0.07581455134540517,1,True,True,3.5,3.513,2.0,1.9925989183034445,98,63,64,1.9055047637233522,3.074074074069484,0.0,0.0,0.0,0.0,20,0.95,0.9,0.9559258496531879,0.0,20,0.85,0.8,0.9797000102768594,0.0,25,0.8,0.76,2.0205751998362222,0.0,19,14,8,6,11,8,4,0,3,0,0,0,visual_only,False,navigation_topics_not_subscribed,,,,visual_only_no_navigation_acceptance_event,[],[],,full,True,False,True,True,0.0,0.0,1,0.0,0.0,0.0003035504992521254,0.0003035504992521254,100,0.87,0.86,0.87,0.86,0.0,0.0001510065440665649,,,,,,,
dynamic_tent_h1p8_v0p5,dynamic,tent,1.8,0.5,completed,DIAGNOSTIC,True,DIAGNOSTIC_ONLY,False,"[""diagnostic_subset_not_gate""]",[],True,True,,4,0.0,,111.46114799339557,False,True,125,138,0.4752851711026616,"{""circle_detector"": 15, ""circle_detector+cross_detector"": 82, ""circle_detector+target_detector"": 5, ""cross_detector"": 19, ""cross_detector+target_detector"": 14, ""target_detector"": 3}",134.57039999999998,138.478,13,9,11,9,9,9,9,9,9,9,,0.0,0.3076923076923077,0.0,0.10356334338960353,0.10835710693744297,9,True,True,14.0,14.002,0.5,0.4999285816311955,286,247,249,0.48941839499973294,0.7352941176447889,0.0,0.0,0.0,0.0,20,0.95,0.9,0.9559258496531879,0.0,20,0.95,0.95,0.9571177101602647,0.0,25,0.92,0.92,0.5053381846224176,0.0,137,107,67,6,70,64,35,0,3,0,0,0,visual_only,False,navigation_topics_not_subscribed,,,,visual_only_no_navigation_acceptance_event,[],[],,full,True,True,True,True,0.0,0.0,13,0.0,0.0,0.0001936159419123703,0.0006318789162450501,100,0.87,0.86,0.87,0.86,0.0,0.0001510065440665649,,,,,,,
dynamic_tent_h1p8_v1p0,dynamic,tent,1.8,1.0,completed,DIAGNOSTIC,True,DIAGNOSTIC_ONLY,False,"[""diagnostic_subset_not_gate""]",[],True,True,,4,0.0,0.0,132.87077999848407,True,True,69,78,0.46938775510204084,"{""circle_detector"": 12, ""circle_detector+cross_detector"": 42, ""circle_detector+target_detector"": 4, ""cross_detector"": 11, ""cross_detector+target_detector"": 9}",79.72415,82.43794999999999,7,4,6,4,4,4,4,4,3,3,,0.0,0.5714285714285714,0.0,0.1079437792910212,0.10847277122403332,3,True,True,7.0,7.001,1.0,0.999857163262391,162,121,122,0.9993302802558773,1.6666666666555447,0.0,0.0,0.0,0.0,20,0.95,0.9,0.9559258496531879,0.0,20,0.95,0.95,0.9571177101602647,0.0,25,0.92,0.92,1.014961714381675,0.0,71,55,34,6,37,33,18,0,3,0,0,0,visual_only,False,navigation_topics_not_subscribed,,,,visual_only_no_navigation_acceptance_event,[],[],,full,True,True,True,True,0.0,0.0,7,0.0,0.0,0.00027844834760273326,0.0007070602674817472,100,0.87,0.86,0.87,0.86,0.0,0.0001510065440665649,,,,,,,
dynamic_tent_h1p8_v1p5,dynamic,tent,1.8,1.5,completed,DIAGNOSTIC,True,DIAGNOSTIC_ONLY,False,"[""diagnostic_subset_not_gate""]",[],True,True,,4,0.06799999999998363,0.0,91.67480999894906,True,True,50,53,0.4854368932038835,"{""circle_detector"": 3, ""circle_detector+cross_detector"": 34, ""circle_detector+target_detector"": 1, ""cross_detector"": 7, ""cross_detector+target_detector"": 7, ""target_detector"": 1}",106.093,110.51675,5,4,5,4,4,4,4,4,4,4,,0.0,0.2,0.0,0.09487736744977487,0.10728129750345891,4,True,True,4.666666666666667,4.671,1.5,1.4986084350246198,123,81,82,1.4770536853903713,2.0833333333299575,0.0,0.0,0.0,0.0,20,0.95,0.9,0.9559258496531879,0.0,20,0.95,0.95,0.9571177101602647,0.0,25,0.84,0.84,1.510465189629614,0.0,49,40,23,6,26,22,14,0,3,0,0,0,visual_only,False,navigation_topics_not_subscribed,,,,visual_only_no_navigation_acceptance_event,[],[],,full,True,True,True,True,0.0,0.0,5,0.0,0.0,0.00010046475285943047,0.0005957174437650537,100,0.87,0.86,0.87,0.86,0.0,0.0001510065440665649,,,,,,,
dynamic_tent_h1p8_v2p0,dynamic,tent,1.8,2.0,completed,DIAGNOSTIC,True,DIAGNOSTIC_ONLY,False,"[""diagnostic_subset_not_gate""]",[],True,True,,4,0.09999999999990905,,61.76868200418539,False,True,41,50,0.45054945054945056,"{""circle_detector"": 4, ""circle_detector+cross_detector"": 32, ""circle_detector+target_detector"": 1, ""cross_detector"": 8, ""cross_detector+target_detector"": 4, ""target_detector"": 1}",69.4855,72.11825,2,2,1,2,2,1,1,1,1,1,,0.0,0.5,0.0,0.10666022050615831,0.10666022050615831,1,True,True,3.5,3.508,2.0,1.9954389965792474,103,60,61,1.9635390971144766,2.947626418998609,0.0,0.0,0.0,0.0,20,0.95,0.9,0.9559258496531879,0.0,20,0.95,0.95,0.9571177101602647,0.0,25,0.8,0.76,2.0205751998362222,0.0,23,20,10,6,13,10,8,0,3,0,0,0,visual_only,False,navigation_topics_not_subscribed,,,,visual_only_no_navigation_acceptance_event,[],[],,full,True,True,True,True,0.0,0.0,2,0.0,0.0,0.00020327297661868471,0.00038375662309297453,100,0.87,0.86,0.87,0.86,0.0,0.0001510065440665649,,,,,,,
dynamic_tent_h2p4_v0p5,dynamic,tent,2.4,0.5,completed,DIAGNOSTIC,True,DIAGNOSTIC_ONLY,False,"[""diagnostic_subset_not_gate""]",[],True,True,,4,0.0,0.0,88.54181000060635,True,True,116,154,0.42962962962962964,"{""circle_detector"": 17, ""circle_detector+cross_detector"": 80, ""circle_detector+target_detector"": 8, ""cross_detector"": 27, ""cross_detector+target_detector"": 17, ""target_detector"": 5}",78.67345,82.10714999999999,22,14,21,13,13,12,12,12,11,11,,0.0,0.5,0.0,0.13023328614763569,0.14003170222422787,11,True,True,14.0,14.007,0.5,0.49975012493753124,297,255,256,0.5002722545361308,0.7812499999979267,0.0,0.0,0.0,0.0,20,0.95,0.9,0.9559258496531879,0.0,20,0.95,0.95,0.9670348935235304,0.0,25,0.92,0.92,0.5053381846224176,0.0,143,108,80,7,88,51,21,0,4,0,0,0,visual_only,False,navigation_topics_not_subscribed,,,,visual_only_no_navigation_acceptance_event,[],[],,full,True,True,True,True,0.0,0.0,22,0.0,0.0,0.00021248423923764552,0.0008636769737637806,100,0.87,0.86,0.87,0.86,0.0,0.0001510065440665649,,,,,,,
dynamic_tent_h2p4_v1p0,dynamic,tent,2.4,1.0,completed,DIAGNOSTIC,True,DIAGNOSTIC_ONLY,False,"[""diagnostic_subset_not_gate""]",[],True,True,,4,0.03499999999985448,,125.56566100101918,False,True,54,80,0.40298507462686567,"{""circle_detector"": 2, ""circle_detector+cross_detector"": 46, ""circle_detector+target_detector"": 5, ""cross_detector"": 13, ""cross_detector+target_detector"": 12, ""target_detector"": 2}",222.84419999999994,230.11799999999997,10,9,7,9,9,7,7,7,7,7,,0.0,0.3,0.0,0.12115628883540999,0.1381384722671722,7,True,True,7.0,7.008,1.0,0.9988584474885844,163,121,122,1.006285536646975,1.515151515156033,0.0,0.0,0.0,0.0,20,0.95,0.9,0.9559258496531879,0.0,20,0.95,0.95,0.9670348935235304,0.0,25,0.92,0.92,1.014961714381675,0.0,44,32,27,5,29,15,4,0,2,0,0,0,visual_only,False,navigation_topics_not_subscribed,,,,visual_only_no_navigation_acceptance_event,[],[],,full,True,True,True,True,0.0,0.0,10,0.0,0.0,9.668786380220951e-05,0.0007650103455018619,100,0.87,0.86,0.87,0.86,0.0,0.0001510065440665649,,,,,,,
dynamic_tent_h2p4_v1p5,dynamic,tent,2.4,1.5,completed,DIAGNOSTIC,True,DIAGNOSTIC_ONLY,False,"[""diagnostic_subset_not_gate""]",[],True,True,,4,0.04299999999989268,,111.367187993892,False,True,41,62,0.39805825242718446,"{""circle_detector"": 6, ""circle_detector+cross_detector"": 27, ""circle_detector+target_detector"": 3, ""cross_detector"": 15, ""cross_detector+target_detector"": 8, ""target_detector"": 3}",110.76304999999999,115.67784999999999,7,2,5,2,2,2,2,2,2,2,,0.0,0.7142857142857143,0.0,0.11487047474343161,0.13570498601084383,2,True,True,4.666666666666667,4.678,1.5,1.496365968362548,123,81,82,1.5060599830534886,2.2727272727262,0.0,0.0,0.0,0.0,20,0.95,0.9,0.9559258496531879,0.0,20,0.95,0.95,0.9670348935235304,0.0,25,0.84,0.84,1.510465189629614,0.0,44,32,25,6,28,15,5,0,3,0,0,0,visual_only,False,navigation_topics_not_subscribed,,,,visual_only_no_navigation_acceptance_event,[],[],,full,True,True,True,True,0.0,0.0,7,0.0,0.0,0.0002524520558621798,0.0008514610469739025,100,0.87,0.86,0.87,0.86,0.0,0.0001510065440665649,,,,,,,
dynamic_tent_h2p4_v2p0,dynamic,tent,2.4,2.0,completed,DIAGNOSTIC,True,DIAGNOSTIC_ONLY,False,"[""diagnostic_subset_not_gate""]",[],False,False,,,,,,False,True,35,54,0.39325842696629215,"{""circle_detector"": 3, ""circle_detector+cross_detector"": 32, ""circle_detector+target_detector"": 1, ""cross_detector"": 10, ""cross_detector+target_detector"": 4, ""target_detector"": 4}",,,3,0,3,0,0,0,0,0,0,0,raw_classifier,,1.0,,,,0,True,True,3.5,3.507,2.0,1.996007984031936,111,62,64,2.0221991472556686,3.2247725392940056,0.0,0.0,0.0,0.0,20,0.95,0.9,0.9559258496531879,0.0,20,0.95,0.95,0.9670348935235304,0.0,25,0.8,0.76,2.0205751998362222,0.0,27,23,15,6,18,9,6,0,3,0,0,0,visual_only,False,navigation_topics_not_subscribed,,,,visual_only_no_navigation_acceptance_event,[],[],,full,False,False,True,True,0.0,0.0,3,0.0,0.0,0.00030349558821575565,0.0007509101595798739,100,0.87,0.86,0.87,0.86,0.0,0.0001510065440665649,,,,,,,
dynamic_tent_h3p0_v0p5,dynamic,tent,3.0,0.5,completed,DIAGNOSTIC,True,DIAGNOSTIC_ONLY,False,"[""diagnostic_subset_not_gate""]",[],True,True,,5,0.2680000000000291,115.18491400056519,87.70076700602658,False,True,102,139,0.42323651452282157,"{""circle_detector"": 11, ""circle_detector+cross_detector"": 79, ""circle_detector+target_detector"": 8, ""cross_detector"": 27, ""cross_detector+target_detector"": 11, ""target_detector"": 3}",117.119,128.599,26,13,20,13,13,13,13,13,13,13,,0.0,0.5,0.0,0.16276597135686297,0.17236998278163254,13,True,True,14.0,14.015,0.5,0.4994648590795576,276,239,240,0.5095713085094365,0.8333333333340827,0.0,0.0,0.0,0.0,20,0.95,0.9,0.9559258496531879,0.0,20,0.8,0.8,0.967294690867376,0.0,25,0.92,0.92,0.5053381846224176,0.0,150,107,90,5,92,58,16,0,2,0,0,0,visual_only,False,navigation_topics_not_subscribed,,,,visual_only_no_navigation_acceptance_event,[],[],,full,True,True,True,True,0.0,0.0,26,0.0,0.0,0.00010679474757030206,0.0008505209275812664,100,0.87,0.86,0.87,0.86,0.0,0.0001510065440665649,,,,,,,
dynamic_tent_h3p0_v1p0,dynamic,tent,3.0,1.0,completed,DIAGNOSTIC,True,DIAGNOSTIC_ONLY,False,"[""diagnostic_subset_not_gate""]",[],True,True,,5,0.3289999999999509,18.500332000257913,112.05173499911325,False,True,52,84,0.38235294117647056,"{""circle_detector"": 8, ""circle_detector+cross_detector"": 46, ""circle_detector+target_detector"": 5, ""cross_detector"": 16, ""cross_detector+target_detector"": 7, ""target_detector"": 2}",86.5522,92.7428,12,5,10,4,4,4,4,4,3,3,,0.0,0.75,0.0,0.13965387070395285,0.15579532007013622,3,True,True,7.0,7.011,1.0,0.9984310369419483,163,119,120,1.005451702106462,1.595238095241093,0.0,0.0,0.0,0.0,20,0.95,0.9,0.9559258496531879,0.0,20,0.8,0.8,0.967294690867376,0.0,25,0.92,0.92,1.014961714381675,0.0,66,50,40,5,42,24,9,0,2,0,0,0,visual_only,False,navigation_topics_not_subscribed,,,,visual_only_no_navigation_acceptance_event,[],[],,full,True,True,True,True,0.0,0.0,12,0.0,0.0,9.668288625211592e-05,0.0007479016521418644,100,0.87,0.86,0.87,0.86,0.0,0.0001510065440665649,,,,,,,
dynamic_tent_h3p0_v1p5,dynamic,tent,3.0,1.5,completed,DIAGNOSTIC,True,DIAGNOSTIC_ONLY,False,"[""diagnostic_subset_not_gate""]",[],True,True,,5,0.19899999999984175,,102.53738800383871,False,True,42,63,0.4,"{""circle_detector"": 7, ""circle_detector+cross_detector"": 34, ""circle_detector+target_detector"": 1, ""cross_detector"": 12, ""cross_detector+target_detector"": 8, ""target_detector"": 1}",117.0726,124.6394,9,5,7,5,5,5,5,5,5,5,,0.0,0.4444444444444444,0.0,0.14260453387317198,0.16746116277081807,5,True,True,4.666666666666667,4.684,1.5,1.4944491887275833,121,83,84,1.5146102346242283,2.4439775910398787,0.0,0.0,0.0,0.0,20,0.95,0.9,0.9559258496531879,0.0,20,0.8,0.8,0.967294690867376,0.0,25,0.84,0.84,1.510465189629614,0.0,49,34,27,5,29,20,6,0,2,0,0,0,visual_only,False,navigation_topics_not_subscribed,,,,visual_only_no_navigation_acceptance_event,[],[],,full,True,True,True,True,0.0,0.0,9,0.0,0.0,9.290319953504501e-05,0.0008442920977058676,100,0.87,0.86,0.87,0.86,0.0,0.0001510065440665649,,,,,,,
dynamic_tent_h3p0_v2p0,dynamic,tent,3.0,2.0,completed,DIAGNOSTIC,True,DIAGNOSTIC_ONLY,False,"[""diagnostic_subset_not_gate""]",[],True,True,,4,0.16599999999993997,,247.56533199979458,False,True,32,47,0.4050632911392405,"{""circle_detector"": 2, ""circle_detector+cross_detector"": 29, ""circle_detector+target_detector"": 2, ""cross_detector"": 8, ""cross_detector+target_detector"": 4, ""target_detector"": 2}",173.79879999999997,189.97,6,3,5,3,3,3,3,3,3,3,,0.0,0.5,0.0,0.13021756149310482,0.16518782066324425,3,True,True,3.5,3.504,2.0,1.9977168949771689,95,57,59,1.9968147933327516,2.90363590135639,0.0,0.0,0.0,0.0,20,0.95,0.9,0.9559258496531879,0.0,20,0.8,0.8,0.967294690867376,0.0,25,0.8,0.76,2.0205751998362222,0.0,28,21,17,5,19,9,3,0,2,0,0,0,visual_only,False,navigation_topics_not_subscribed,,,,visual_only_no_navigation_acceptance_event,[],[],,full,True,True,True,True,0.0,0.0,6,0.0,0.0,0.00027341249448712784,0.0007997743160435445,100,0.87,0.86,0.87,0.86,0.0,0.0001510065440665649,,,,,,,
dynamic_tent_h3p6_v0p5,dynamic,tent,3.6,0.5,completed,DIAGNOSTIC,True,DIAGNOSTIC_ONLY,False,"[""diagnostic_subset_not_gate""]",[],True,True,,4,0.4579999999998563,81.82685999781825,155.20007099985378,False,True,94,155,0.37751004016064255,"{""circle_detector"": 17, ""circle_detector+cross_detector"": 91, ""circle_detector+target_detector"": 5, ""cross_detector"": 17, ""cross_detector+target_detector"": 22, ""target_detector"": 3}",103.082,112.48325000000001,31,16,25,16,16,16,16,16,15,15,,0.0,0.5161290322580645,0.0,0.1998141208665957,0.21021990730606438,15,True,True,14.0,14.002,0.5,0.4999285816311955,289,243,244,0.49422446276732096,0.7575757575772268,0.0,0.0,0.0,0.0,20,0.95,0.9,0.9559258496531879,0.0,20,0.8,0.8,0.9607356938732866,0.0,25,0.92,0.92,0.5053381846224176,0.0,139,102,82,5,84,55,19,0,2,0,0,0,visual_only,False,navigation_topics_not_subscribed,,,,visual_only_no_navigation_acceptance_event,[],[],,full,True,True,True,True,0.0,0.0,31,0.0,0.0,0.00016397908059385572,0.0009770580408629214,100,0.87,0.86,0.87,0.86,0.0,0.0001510065440665649,,,,,,,
dynamic_tent_h3p6_v1p0,dynamic,tent,3.6,1.0,completed,DIAGNOSTIC,True,DIAGNOSTIC_ONLY,False,"[""diagnostic_subset_not_gate""]",[],True,True,,4,0.13399999999978718,,83.3203720030724,False,True,56,76,0.42424242424242425,"{""circle_detector"": 6, ""circle_detector+cross_detector"": 45, ""circle_detector+target_detector"": 3, ""cross_detector"": 15, ""cross_detector+target_detector"": 5, ""target_detector"": 2}",129.3397,140.584,17,7,13,7,7,7,7,7,7,7,,0.0,0.5882352941176471,0.0,0.18933879003880041,0.20215628159140367,7,True,True,7.0,7.001,1.0,0.999857163262391,154,118,119,1.0497230046201496,1.7307692307692701,0.0,0.0,0.0,0.0,20,0.95,0.9,0.9559258496531879,0.0,20,0.8,0.8,0.9607356938732866,0.0,25,0.92,0.92,1.014961714381675,0.0,74,56,45,5,47,27,10,0,2,0,0,0,visual_only,False,navigation_topics_not_subscribed,,,,visual_only_no_navigation_acceptance_event,[],[],,full,True,True,True,True,0.0,0.0,17,0.0,0.0,3.728918209585848e-05,0.00098269504817587,100,0.87,0.86,0.87,0.86,0.0,0.0001510065440665649,,,,,,,
dynamic_tent_h3p6_v1p5,dynamic,tent,3.6,1.5,completed,DIAGNOSTIC,True,DIAGNOSTIC_ONLY,False,"[""diagnostic_subset_not_gate""]",[],True,True,,4,0.09999999999990905,,125.87911599985091,False,True,38,63,0.37623762376237624,"{""circle_detector"": 6, ""circle_detector+cross_detector"": 41, ""circle_detector+target_detector"": 2, ""cross_detector"": 5, ""cross_detector+target_detector"": 8, ""target_detector"": 1}",100.9616,106.31240000000001,12,4,11,4,4,4,4,4,3,3,,0.0,0.75,0.0,0.18805872511811034,0.20266867407083558,3,True,True,4.666666666666667,4.684,1.5,1.4944491887275833,126,89,90,1.4789101671973173,2.4039938556110236,0.0,0.0,0.0,0.0,20,0.95,0.9,0.9559258496531879,0.0,20,0.8,0.8,0.9607356938732866,0.0,25,0.84,0.84,1.510465189629614,0.0,34,22,20,5,22,12,1,0,2,0,0,0,visual_only,False,navigation_topics_not_subscribed,,,,visual_only_no_navigation_acceptance_event,[],[],,full,True,True,True,True,0.0,0.0,12,0.0,0.0,3.711558102391283e-05,0.0008533401703287867,100,0.87,0.86,0.87,0.86,0.0,0.0001510065440665649,,,,,,,
dynamic_tent_h3p6_v2p0,dynamic,tent,3.6,2.0,completed,DIAGNOSTIC,True,DIAGNOSTIC_ONLY,False,"[""diagnostic_subset_not_gate""]",[],True,True,,3,0.44399999999996,,139.6472190026543,False,True,32,47,0.4050632911392405,"{""circle_detector"": 8, ""circle_detector+cross_detector"": 20, ""circle_detector+target_detector"": 2, ""cross_detector"": 12, ""cross_detector+target_detector"": 4, ""target_detector"": 1}",105.1848,112.69940000000001,8,3,6,3,3,2,2,2,1,1,,0.0,0.875,0.0,0.20646520324656248,0.20646520324656248,1,True,True,3.5,3.5140000000000002,2.0,1.99203187250996,100,45,46,2.025257801508583,3.1060606060682416,0.0,0.0,0.0,0.0,20,0.95,0.9,0.9559258496531879,0.0,20,0.8,0.8,0.9607356938732866,0.0,25,0.8,0.76,2.0205751998362222,0.0,18,12,10,5,12,6,1,0,2,0,0,0,visual_only,False,navigation_topics_not_subscribed,,,,visual_only_no_navigation_acceptance_event,[],[],,full,True,True,True,True,0.0,0.0,8,0.0,0.0,0.00022511129879634328,0.0010453334553485938,100,0.87,0.86,0.87,0.86,0.0,0.0001510065440665649,,,,,,,
dynamic_pillbox_h1p2_v0p5,dynamic,pillbox,1.2,0.5,completed,DIAGNOSTIC,True,DIAGNOSTIC_ONLY,False,"[""diagnostic_subset_not_gate""]",[],True,True,,2,0.03600000000005821,,162.5477480047266,False,True,110,148,0.4263565891472868,"{""circle_detector"": 8, ""circle_detector+cross_detector"": 88, ""circle_detector+target_detector"": 7, ""cross_detector"": 29, ""cross_detector+target_detector"": 12, ""target_detector"": 4}",105.553,109.921,2,1,2,1,1,1,1,1,1,1,,0.0,0.5,0.0,0.06263245432481579,0.06263245432481579,1,True,True,14.0,14.019,0.5,0.499322348241672,294,245,246,0.5031410205868878,0.797999565122349,0.0,0.0,0.0,0.0,20,0.5,0.5,0.9524154734741311,0.0,20,0.85,0.8,0.9797000102768594,0.0,25,0.92,0.92,0.5053381846224176,0.0,81,67,39,6,42,39,26,0,3,0,0,0,visual_only,False,navigation_topics_not_subscribed,,,,visual_only_no_navigation_acceptance_event,[],[],,full,True,True,True,True,0.0,0.0,2,0.0,0.0,0.00012494780531913108,0.00015032948222385657,100,0.87,0.86,0.87,0.86,0.0,0.0001510065440665649,,,,,,,
dynamic_pillbox_h1p2_v1p0,dynamic,pillbox,1.2,1.0,completed,DIAGNOSTIC,True,DIAGNOSTIC_ONLY,False,"[""diagnostic_subset_not_gate""]",[],True,True,,2,0.0,,203.11685500200838,False,True,63,77,0.45,"{""circle_detector"": 4, ""circle_detector+cross_detector"": 50, ""circle_detector+target_detector"": 3, ""cross_detector"": 15, ""cross_detector+target_detector"": 4, ""target_detector"": 1}",147.778,152.497,1,1,1,1,1,1,1,1,1,1,,0.0,0.0,0.0,0.05463166723118257,0.05463166723118257,1,True,True,7.0,7.011,1.0,0.9984310369419483,158,119,120,0.9964699486267365,1.4705882352895623,0.0,0.0,0.0,0.0,20,0.5,0.5,0.9524154734741311,0.0,20,0.85,0.8,0.9797000102768594,0.0,25,0.92,0.92,1.014961714381675,0.0,37,31,17,6,20,17,12,0,3,0,0,0,visual_only,False,navigation_topics_not_subscribed,,,,visual_only_no_navigation_acceptance_event,[],[],,full,True,True,True,True,0.0,0.0,1,0.0,0.0,0.00019075111798532162,0.00019075111798532162,100,0.87,0.86,0.87,0.86,0.0,0.0001510065440665649,,,,,,,
dynamic_pillbox_h1p2_v1p5,dynamic,pillbox,1.2,1.5,completed,DIAGNOSTIC,True,DIAGNOSTIC_ONLY,False,"[""diagnostic_subset_not_gate""]",[],True,True,,2,0.05999999999994543,,116.35210199892754,False,True,40,61,0.39603960396039606,"{""circle_detector"": 5, ""circle_detector+cross_detector"": 36, ""circle_detector+target_detector"": 3, ""cross_detector"": 7, ""cross_detector+target_detector"": 10}",,,1,0,1,0,0,0,0,0,0,0,,,1.0,,,,0,True,True,4.666666666666667,4.674,1.5,1.4976465554129224,119,76,78,1.5041757550263766,2.2859408033861115,0.0,0.0,0.0,0.0,20,0.5,0.5,0.9524154734741311,0.0,20,0.85,0.8,0.9797000102768594,0.0,25,0.84,0.84,1.510465189629614,0.0,17,13,7,6,10,7,4,0,3,0,0,0,visual_only,False,navigation_topics_not_subscribed,,,,visual_only_no_navigation_acceptance_event,[],[],,full,True,True,True,True,0.0,0.0,1,0.0,0.0,-5.367310258179714e-05,5.367310258179714e-05,100,0.87,0.86,0.87,0.86,0.0,0.0001510065440665649,,,,,,,
dynamic_pillbox_h1p2_v2p0,dynamic,pillbox,1.2,2.0,completed,DIAGNOSTIC,True,DIAGNOSTIC_ONLY,False,"[""diagnostic_subset_not_gate""]",[],False,False,,,,,,False,True,43,54,0.44329896907216493,"{""circle_detector"": 4, ""circle_detector+cross_detector"": 36, ""circle_detector+target_detector"": 1, ""cross_detector"": 6, ""cross_detector+target_detector"": 5, ""target_detector"": 2}",,,0,0,0,0,0,0,0,0,0,0,truth_visibility,,,,,,0,False,False,3.5,3.503,2.0,1.9982871824150727,120,58,59,1.9782428977549724,2.941176470582075,0.0,0.0,0.0,0.0,20,0.5,0.5,0.9524154734741311,0.0,20,0.85,0.8,0.9797000102768594,0.0,25,0.8,0.76,2.0205751998362222,0.0,6,4,2,4,4,2,1,0,2,0,0,0,visual_only,False,navigation_topics_not_subscribed,,,,visual_only_no_navigation_acceptance_event,[],[],,full,False,False,False,False,0.0,0.0,0,,,,,100,0.87,0.86,0.87,0.86,0.0,0.0001510065440665649,,,,,,,
dynamic_pillbox_h1p8_v0p5,dynamic,pillbox,1.8,0.5,completed,DIAGNOSTIC,True,DIAGNOSTIC_ONLY,False,"[""diagnostic_subset_not_gate""]",[],True,True,,2,0.4660000000001219,,103.40431399527006,False,True,119,147,0.4473684210526316,"{""circle_detector"": 12, ""circle_detector+cross_detector"": 92, ""circle_detector+target_detector"": 6, ""cross_detector"": 28, ""cross_detector+target_detector"": 7, ""target_detector"": 2}",68.09705,69.7876,11,3,8,3,3,3,3,3,3,3,,0.0,0.7272727272727273,0.0,0.09261375470497415,0.10312049884608585,3,True,True,14.0,14.017,0.5,0.4993935934936149,295,248,251,0.5022008778785467,0.7893105158728115,0.0,0.0,0.0,0.0,20,0.5,0.5,0.9524154734741311,0.0,20,0.95,0.95,0.9571177101602647,0.0,25,0.92,0.92,0.5053381846224176,0.0,163,137,82,6,87,73,53,0,3,0,0,0,visual_only,False,navigation_topics_not_subscribed,,,,visual_only_no_navigation_acceptance_event,[],[],,full,True,True,True,True,0.0,0.0,11,0.0,0.0,0.00010070150737804665,0.0006043112796925599,100,0.87,0.86,0.87,0.86,0.0,0.0001510065440665649,,,,,,,
dynamic_pillbox_h1p8_v1p0,dynamic,pillbox,1.8,1.0,completed,DIAGNOSTIC,True,DIAGNOSTIC_ONLY,False,"[""diagnostic_subset_not_gate""]",[],True,True,,2,0.0,0.0,71.05943699571071,True,True,57,83,0.40714285714285714,"{""circle_detector"": 9, ""circle_detector+cross_detector"": 50, ""circle_detector+target_detector"": 6, ""cross_detector"": 13, ""cross_detector+target_detector"": 5}",110.0061,113.39694999999999,6,4,5,4,4,4,4,4,4,4,,0.0,0.3333333333333333,0.0,0.08928238069314309,0.10183293878735357,4,True,True,7.0,7.013,1.0,0.9981462997290745,168,124,125,1.0308609434203566,1.7197545295152157,0.0,0.0,0.0,0.0,20,0.5,0.5,0.9524154734741311,0.0,20,0.95,0.95,0.9571177101602647,0.0,25,0.92,0.92,1.014961714381675,0.0,63,50,30,6,33,30,18,0,3,0,0,0,visual_only,False,navigation_topics_not_subscribed,,,,visual_only_no_navigation_acceptance_event,[],[],,full,True,True,True,True,0.0,0.0,6,0.0,0.0,0.0001071631657255878,0.0005479208087673992,100,0.87,0.86,0.87,0.86,0.0,0.0001510065440665649,,,,,,,
dynamic_pillbox_h1p8_v1p5,dynamic,pillbox,1.8,1.5,completed,DIAGNOSTIC,True,DIAGNOSTIC_ONLY,False,"[""diagnostic_subset_not_gate""]",[],False,False,,,,,,False,True,51,53,0.49038461538461536,"{""circle_detector"": 4, ""circle_detector+cross_detector"": 35, ""circle_detector+target_detector"": 1, ""cross_detector"": 8, ""cross_detector+target_detector"": 5}",74.71519999999998,77.15350000000001,4,3,2,3,3,2,2,2,2,2,target_memory_admission,0.0,0.5,0.0,0.1023831660980389,0.10245586763837441,2,True,True,4.666666666666667,4.6690000000000005,1.5,1.4992503748125936,123,78,80,1.5080534920580109,2.584892584892923,0.0,0.0,0.0,0.0,20,0.5,0.5,0.9524154734741311,0.0,20,0.95,0.95,0.9571177101602647,0.0,25,0.84,0.84,1.510465189629614,0.0,46,40,23,6,26,20,15,0,3,0,0,0,visual_only,False,navigation_topics_not_subscribed,,,,visual_only_no_navigation_acceptance_event,[],[],,full,False,False,True,True,0.0,0.0,4,0.0,0.0,0.00010609073178389217,0.0006711675379160021,100,0.87,0.86,0.87,0.86,0.0,0.0001510065440665649,,,,,,,
dynamic_pillbox_h1p8_v2p0,dynamic,pillbox,1.8,2.0,completed,DIAGNOSTIC,True,DIAGNOSTIC_ONLY,False,"[""diagnostic_subset_not_gate""]",[],True,True,,3,0.4110000000000582,,45.374453999102116,False,True,38,49,0.4367816091954023,"{""circle_detector"": 6, ""circle_detector+cross_detector"": 24, ""circle_detector+target_detector"": 1, ""cross_detector"": 14, ""cross_detector+target_detector"": 3, ""target_detector"": 1}",31.381,32.58,2,1,2,1,1,1,1,1,1,1,,0.0,0.5,0.0,0.10365453993113126,0.10365453993113126,1,True,True,3.5,3.502,2.0,1.9988577955454028,99,53,55,2.0281700957619977,3.2688172043054644,0.0,0.0,0.0,0.0,20,0.5,0.5,0.9524154734741311,0.0,20,0.95,0.95,0.9571177101602647,0.0,25,0.8,0.76,2.0205751998362222,0.0,33,28,16,6,19,14,10,0,3,0,0,0,visual_only,False,navigation_topics_not_subscribed,,,,visual_only_no_navigation_acceptance_event,[],[],,full,True,True,True,True,0.0,0.0,2,0.0,0.0,0.00042885215190775484,0.0006769843869327908,100,0.87,0.86,0.87,0.86,0.0,0.0001510065440665649,,,,,,,
dynamic_pillbox_h2p4_v0p5,dynamic,pillbox,2.4,0.5,completed,DIAGNOSTIC,True,DIAGNOSTIC_ONLY,False,"[""diagnostic_subset_not_gate""]",[],True,True,,3,0.23299999999994725,,89.303334003489,False,True,116,144,0.4461538461538462,"{""circle_detector"": 9, ""circle_detector+cross_detector"": 80, ""circle_detector+target_detector"": 9, ""cross_detector"": 29, ""cross_detector+target_detector"": 14, ""target_detector"": 3}",153.52524999999997,164.6864,22,14,19,14,14,13,13,13,12,12,,0.0,0.45454545454545453,0.0,0.13257146939616157,0.14381218856478267,12,True,True,14.0,14.015,0.5,0.4994648590795576,292,240,245,0.510278769929057,0.8203551912549624,0.0,0.0,0.0,0.0,20,0.5,0.5,0.9524154734741311,0.0,20,0.95,0.95,0.9670348935235304,0.0,25,0.92,0.92,0.5053381846224176,0.0,194,168,97,6,102,82,64,0,3,0,0,0,visual_only,False,navigation_topics_not_subscribed,,,,visual_only_no_navigation_acceptance_event,[],[],,full,True,True,True,True,0.0,0.0,22,0.0,0.0,0.0001569374269228389,0.0008152839582076864,100,0.87,0.86,0.87,0.86,0.0,0.0001510065440665649,,,,,,,
dynamic_pillbox_h2p4_v1p0,dynamic,pillbox,2.4,1.0,completed,DIAGNOSTIC,True,DIAGNOSTIC_ONLY,False,"[""diagnostic_subset_not_gate""]",[],True,True,,2,0.0340000000001055,0.0,84.28011499927379,True,True,63,79,0.44366197183098594,"{""circle_detector"": 8, ""circle_detector+cross_detector"": 39, ""circle_detector+target_detector"": 5, ""cross_detector"": 20, ""cross_detector+target_detector"": 7}",100.093,106.01665000000001,9,4,7,4,4,4,4,4,4,4,,0.0,0.5555555555555556,0.0,0.11505025905428345,0.13372139627520843,4,True,True,7.0,7.014,1.0,0.998003992015968,161,120,121,1.0014614192511275,1.6666666666562044,0.0,0.0,0.0,0.0,20,0.5,0.5,0.9524154734741311,0.0,20,0.95,0.95,0.9670348935235304,0.0,25,0.92,0.92,1.014961714381675,0.0,101,86,50,6,55,42,32,0,3,0,0,0,visual_only,False,navigation_topics_not_subscribed,,,,visual_only_no_navigation_acceptance_event,[],[],,full,True,True,True,True,0.0,0.0,9,0.0,0.0,0.000199060060231224,0.0007433948975178238,100,0.87,0.86,0.87,0.86,0.0,0.0001510065440665649,,,,,,,
dynamic_pillbox_h2p4_v1p5,dynamic,pillbox,2.4,1.5,completed,DIAGNOSTIC,True,DIAGNOSTIC_ONLY,False,"[""diagnostic_subset_not_gate""]",[],True,True,,2,0.10000000000013642,,75.51162500021746,False,True,51,53,0.49038461538461536,"{""circle_detector"": 4, ""circle_detector+cross_detector"": 32, ""cross_detector"": 9, ""cross_detector+target_detector"": 8}",94.98729999999999,98.4137,5,3,4,3,3,3,3,3,3,3,,0.0,0.4,0.0,0.12635685867145127,0.1344219067957822,3,True,True,4.666666666666667,4.683,1.5,1.4947683109118086,124,80,81,1.5381468308954493,2.503205128207308,0.0,0.0,0.0,0.0,20,0.5,0.5,0.9524154734741311,0.0,20,0.95,0.95,0.9670348935235304,0.0,25,0.84,0.84,1.510465189629614,0.0,56,47,26,6,29,27,19,0,3,0,0,0,visual_only,False,navigation_topics_not_subscribed,,,,visual_only_no_navigation_acceptance_event,[],[],,full,True,True,True,True,0.0,0.0,5,0.0,0.0,-2.940161252737994e-06,0.0005092531056954995,100,0.87,0.86,0.87,0.86,0.0,0.0001510065440665649,,,,,,,
dynamic_pillbox_h2p4_v2p0,dynamic,pillbox,2.4,2.0,completed,DIAGNOSTIC,True,DIAGNOSTIC_ONLY,False,"[""diagnostic_subset_not_gate""]",[],True,True,,2,0.10000000000013642,,112.86356900382088,False,True,37,45,0.45121951219512196,"{""circle_detector"": 4, ""circle_detector+cross_detector"": 27, ""circle_detector+target_detector"": 1, ""cross_detector"": 8, ""cross_detector+target_detector"": 4, ""target_detector"": 1}",68.05269999999999,73.59195,5,2,2,2,2,1,1,1,1,1,,0.0,0.8,0.0,0.07126481094420738,0.07126481094420738,1,True,True,3.5,3.513,2.0,1.9925989183034445,102,52,54,1.9906612373526,3.5225657427136348,0.0,0.0,0.0,0.0,20,0.5,0.5,0.9524154734741311,0.0,20,0.95,0.95,0.9670348935235304,0.0,25,0.8,0.76,2.0205751998362222,0.0,44,36,20,6,23,19,13,0,3,0,0,0,visual_only,False,navigation_topics_not_subscribed,,,,visual_only_no_navigation_acceptance_event,[],[],,full,True,True,True,True,0.0,0.0,5,0.0,0.0,0.0001982192544283734,0.0007471534078497299,100,0.87,0.86,0.87,0.86,0.0,0.0001510065440665649,,,,,,,
dynamic_pillbox_h3p0_v0p5,dynamic,pillbox,3.0,0.5,completed,DIAGNOSTIC,True,DIAGNOSTIC_ONLY,False,"[""diagnostic_subset_not_gate""]",[],False,False,,,,,,False,True,95,148,0.39094650205761317,"{""circle_detector"": 11, ""circle_detector+cross_detector"": 82, ""circle_detector+target_detector"": 9, ""cross_detector"": 35, ""cross_detector+target_detector"": 11}",142.93849999999998,160.63400000000001,28,0,21,0,0,0,0,0,0,0,raw_classifier,,1.0,,,,0,True,True,14.0,14.015,0.5,0.4994648590795576,286,247,248,0.4967744655768954,0.806451612903675,0.0,0.0,0.0,0.0,20,0.5,0.5,0.9524154734741311,0.0,20,0.8,0.8,0.967294690867376,0.0,25,0.92,0.92,0.5053381846224176,0.0,177,177,104,5,107,70,70,0,2,0,0,0,visual_only,False,navigation_topics_not_subscribed,,,,visual_only_no_navigation_acceptance_event,[],[],,full,False,False,True,True,0.0,0.0,28,0.0,0.0,0.00022156266761945073,0.0009794385538792838,100,0.87,0.86,0.87,0.86,0.0,0.0001510065440665649,,,,,,,
dynamic_pillbox_h3p0_v1p0,dynamic,pillbox,3.0,1.0,completed,DIAGNOSTIC,True,DIAGNOSTIC_ONLY,False,"[""diagnostic_subset_not_gate""]",[],False,False,,,,,,False,True,61,83,0.4236111111111111,"{""circle_detector"": 6, ""circle_detector+cross_detector"": 52, ""circle_detector+target_detector"": 4, ""cross_detector"": 10, ""cross_detector+target_detector"": 7, ""target_detector"": 4}",125.84325000000001,132.57895,17,3,14,3,3,3,3,3,3,3,target_memory_admission,0.0,0.8235294117647058,0.0,0.1683951600775439,0.1709500545809371,3,True,True,7.0,7.005,1.0,0.9992862241256246,162,126,127,1.023896388723705,1.7204538756265908,0.0,0.0,0.0,0.0,20,0.5,0.5,0.9524154734741311,0.0,20,0.8,0.8,0.967294690867376,0.0,25,0.92,0.92,1.014961714381675,0.0,92,92,53,5,56,36,36,0,2,0,0,0,visual_only,False,navigation_topics_not_subscribed,,,,visual_only_no_navigation_acceptance_event,[],[],,full,False,False,True,True,0.0,0.0,17,0.0,0.0,0.00019288133127660578,0.0009110345154154942,100,0.87,0.86,0.87,0.86,0.0,0.0001510065440665649,,,,,,,
dynamic_pillbox_h3p0_v1p5,dynamic,pillbox,3.0,1.5,completed,DIAGNOSTIC,True,DIAGNOSTIC_ONLY,False,"[""diagnostic_subset_not_gate""]",[],False,False,,,,,,False,True,34,60,0.3617021276595745,"{""circle_detector"": 6, ""circle_detector+cross_detector"": 31, ""circle_detector+target_detector"": 2, ""cross_detector"": 11, ""cross_detector+target_detector"": 9, ""target_detector"": 1}",186.67475000000002,199.77275,8,1,6,1,1,0,0,0,0,0,geometry_association,,1.0,,,,0,True,True,4.666666666666667,4.6690000000000005,1.5,1.4992503748125936,112,75,76,1.4794243536978549,2.2259358288770565,0.0,0.0,0.0,0.0,20,0.5,0.5,0.9524154734741311,0.0,20,0.8,0.8,0.967294690867376,0.0,25,0.84,0.84,1.510465189629614,0.0,41,41,24,5,27,14,14,0,2,0,0,0,visual_only,False,navigation_topics_not_subscribed,,,,visual_only_no_navigation_acceptance_event,[],[],,full,False,False,True,True,0.0,0.0,8,0.0,0.0,0.00017188086570514295,0.0007809819750594826,100,0.87,0.86,0.87,0.86,0.0,0.0001510065440665649,,,,,,,
dynamic_pillbox_h3p0_v2p0,dynamic,pillbox,3.0,2.0,completed,DIAGNOSTIC,True,DIAGNOSTIC_ONLY,False,"[""diagnostic_subset_not_gate""]",[],False,False,,,,,,False,True,31,48,0.3924050632911392,"{""circle_detector"": 3, ""circle_detector+cross_detector"": 25, ""cross_detector"": 13, ""cross_detector+target_detector"": 6, ""target_detector"": 1}",218.6777,236.20219999999998,7,1,5,1,1,1,1,1,1,1,target_memory_admission,0.0,0.8571428571428571,0.0,0.16755302053238189,0.16755302053238189,1,True,True,3.5,3.516,2.0,1.9908987485779295,101,61,62,2.012350957901312,3.4482758620694165,0.0,0.0,0.0,0.0,20,0.5,0.5,0.9524154734741311,0.0,20,0.8,0.8,0.967294690867376,0.0,25,0.8,0.76,2.0205751998362222,0.0,37,37,22,5,24,13,13,0,2,0,0,0,visual_only,False,navigation_topics_not_subscribed,,,,visual_only_no_navigation_acceptance_event,[],[],,full,False,False,True,True,0.0,0.0,7,0.0,0.0,-1.880807704855514e-05,0.0006959661250384742,100,0.87,0.86,0.87,0.86,0.0,0.0001510065440665649,,,,,,,
dynamic_pillbox_h3p6_v0p5,dynamic,pillbox,3.6,0.5,completed,DIAGNOSTIC,True,DIAGNOSTIC_ONLY,False,"[""diagnostic_subset_not_gate""]",[],False,False,,,,,,False,True,79,141,0.35909090909090907,"{""circle_detector"": 17, ""circle_detector+cross_detector"": 74, ""circle_detector+target_detector"": 6, ""cross_detector"": 23, ""cross_detector+target_detector"": 18, ""target_detector"": 3}",169.7521,183.42630000000003,34,1,23,1,1,0,0,0,0,0,geometry_association,,1.0,,,,0,True,True,14.0,14.011,0.5,0.49960745128827355,267,231,232,0.5086290126858661,0.7963075674594366,0.0,0.0,0.0,0.0,20,0.5,0.5,0.9524154734741311,0.0,20,0.8,0.8,0.9607356938732866,0.0,25,0.92,0.92,0.5053381846224176,0.0,145,145,88,6,93,52,52,0,3,0,0,0,visual_only,False,navigation_topics_not_subscribed,,,,visual_only_no_navigation_acceptance_event,[],[],,full,False,False,True,True,0.0,0.0,34,0.0,0.0,0.00020522514023080645,0.0009971029138802568,100,0.87,0.86,0.87,0.86,0.0,0.0001510065440665649,,,,,,,
dynamic_pillbox_h3p6_v1p0,dynamic,pillbox,3.6,1.0,completed,DIAGNOSTIC,True,DIAGNOSTIC_ONLY,False,"[""diagnostic_subset_not_gate""]",[],False,False,,,,,,False,True,56,81,0.40875912408759124,"{""circle_detector"": 8, ""circle_detector+cross_detector"": 41, ""circle_detector+target_detector"": 3, ""cross_detector"": 17, ""cross_detector+target_detector"": 10, ""target_detector"": 2}",128.51715000000002,133.65959999999998,17,0,12,0,0,0,0,0,0,0,raw_classifier,,1.0,,,,0,True,True,7.0,7.008,1.0,0.9988584474885844,157,114,115,1.0308058902901516,1.623653795641873,0.0,0.0,0.0,0.0,20,0.5,0.5,0.9524154734741311,0.0,20,0.8,0.8,0.9607356938732866,0.0,25,0.92,0.92,1.014961714381675,0.0,85,85,54,5,56,29,29,0,2,0,0,0,visual_only,False,navigation_topics_not_subscribed,,,,visual_only_no_navigation_acceptance_event,[],[],,full,False,False,True,True,0.0,0.0,17,0.0,0.0,9.5540618568493e-05,0.0009751787305063785,100,0.87,0.86,0.87,0.86,0.0,0.0001510065440665649,,,,,,,
dynamic_pillbox_h3p6_v1p5,dynamic,pillbox,3.6,1.5,completed,DIAGNOSTIC,True,DIAGNOSTIC_ONLY,False,"[""diagnostic_subset_not_gate""]",[],False,False,,,,,,False,True,33,58,0.3626373626373626,"{""circle_detector"": 3, ""circle_detector+cross_detector"": 32, ""circle_detector+target_detector"": 4, ""cross_detector"": 12, ""cross_detector+target_detector"": 5, ""target_detector"": 2}",106.5402,114.18320000000001,13,0,9,0,0,0,0,0,0,0,raw_classifier,,1.0,,,,0,True,True,4.666666666666667,4.667,1.5,1.4998928647953718,116,79,80,1.4712638744547222,2.029242357109794,0.0,0.0,0.0,0.0,20,0.5,0.5,0.9524154734741311,0.0,20,0.8,0.8,0.9607356938732866,0.0,25,0.84,0.84,1.510465189629614,0.0,45,45,29,5,31,14,14,0,2,0,0,0,visual_only,False,navigation_topics_not_subscribed,,,,visual_only_no_navigation_acceptance_event,[],[],,full,False,False,True,True,0.0,0.0,13,0.0,0.0,6.48289577387965e-05,0.0008749498782027489,100,0.87,0.86,0.87,0.86,0.0,0.0001510065440665649,,,,,,,
dynamic_pillbox_h3p6_v2p0,dynamic,pillbox,3.6,2.0,completed,DIAGNOSTIC,True,DIAGNOSTIC_ONLY,False,"[""diagnostic_subset_not_gate""]",[],False,False,,,,,,False,True,33,43,0.4342105263157895,"{""circle_detector"": 2, ""circle_detector+cross_detector"": 24, ""circle_detector+target_detector"": 1, ""cross_detector"": 8, ""cross_detector+target_detector"": 6, ""target_detector"": 2}",95.3281,103.1116,8,0,6,0,0,0,0,0,0,0,raw_classifier,,1.0,,,,0,True,True,3.5,3.518,2.0,1.9897669130187607,101,55,56,1.9759310873586906,3.2416710734944814,0.0,0.0,0.0,0.0,20,0.5,0.5,0.9524154734741311,0.0,20,0.8,0.8,0.9607356938732866,0.0,25,0.8,0.76,2.0205751998362222,0.0,45,45,31,5,33,12,12,0,2,0,0,0,visual_only,False,navigation_topics_not_subscribed,,,,visual_only_no_navigation_acceptance_event,[],[],,full,False,False,True,True,0.0,0.0,8,0.0,0.0,0.00028465491929072776,0.0010014842474565721,100,0.87,0.86,0.87,0.86,0.0,0.0001510065440665649,,,,,,,
dynamic_bridge_h1p2_v0p5,dynamic,bridge,1.2,0.5,completed,DIAGNOSTIC,True,DIAGNOSTIC_ONLY,False,"[""diagnostic_subset_not_gate""]",[],True,True,,2,0.0,48.65294699993683,146.76064499508357,False,True,87,131,0.39908256880733944,"{""circle_detector"": 10, ""circle_detector+cross_detector"": 77, ""circle_detector+target_detector"": 2, ""cross_detector"": 21, ""cross_detector+target_detector"": 16, ""target_detector"": 5}",102.321,105.104,2,1,2,1,1,1,1,1,1,1,,0.0,0.5,0.0,0.06805790090519442,0.06805790090519442,1,True,True,12.41338,12.417,0.5,0.49985423210115165,249,205,206,0.5081689914312572,0.8589192834365814,0.0,0.0,0.0,0.0,20,1.0,1.0,0.9673988930358116,0.0,20,0.85,0.8,0.9797000102768594,0.0,25,0.92,0.92,0.5053381846224176,0.0,70,60,34,6,36,33,24,0,3,0,0,0,visual_only,False,navigation_topics_not_subscribed,,,,visual_only_no_navigation_acceptance_event,[],[],,full,True,True,True,True,0.0,0.0,2,0.0,0.0,0.0002543931822572177,0.0003135969310171483,100,0.87,0.86,0.87,0.86,0.0,0.0001510065440665649,,,,,,,
dynamic_bridge_h1p2_v1p0,dynamic,bridge,1.2,1.0,completed,DIAGNOSTIC,True,DIAGNOSTIC_ONLY,False,"[""diagnostic_subset_not_gate""]",[],True,True,,0,0.06599999999980355,,181.89923600584734,False,True,57,75,0.4318181818181818,"{""circle_detector"": 9, ""circle_detector+cross_detector"": 40, ""circle_detector+target_detector"": 3, ""cross_detector"": 16, ""cross_detector+target_detector"": 7}",50.858,52.922,2,1,2,1,1,1,1,1,1,1,,0.0,0.5,0.0,0.04512140357637354,0.04512140357637354,1,True,True,6.20669,6.214,1.0,0.9988236240746701,155,111,113,1.06636967235965,1.6119922084412968,0.0,0.0,0.0,0.0,20,1.0,1.0,0.9673988930358116,0.0,20,0.85,0.8,0.9797000102768594,0.0,25,0.92,0.92,1.014961714381675,0.0,42,36,20,6,22,20,15,0,3,0,0,0,visual_only,False,navigation_topics_not_subscribed,,,,visual_only_no_navigation_acceptance_event,[],[],,full,True,True,True,True,0.0,0.0,2,0.0,0.0,0.00017777564973018298,0.0002453494094079911,100,0.87,0.86,0.87,0.86,0.0,0.0001510065440665649,,,,,,,
dynamic_bridge_h1p2_v1p5,dynamic,bridge,1.2,1.5,completed,DIAGNOSTIC,True,DIAGNOSTIC_ONLY,False,"[""diagnostic_subset_not_gate""]",[],True,True,,2,0.0,,122.77440300385933,False,True,43,54,0.44329896907216493,"{""circle_detector"": 5, ""circle_detector+cross_detector"": 28, ""circle_detector+target_detector"": 3, ""cross_detector"": 12, ""cross_detector+target_detector"": 5, ""target_detector"": 1}",72.0494,76.0071,2,2,2,2,2,2,2,2,2,2,,0.0,0.0,0.0,0.07541103260988252,0.07590910712282772,2,True,True,4.137793333333334,4.148,1.5,1.4963090646094506,120,75,76,1.4755199093363853,2.4489159444827573,0.0,0.0,0.0,0.0,20,1.0,1.0,0.9673988930358116,0.0,20,0.85,0.8,0.9797000102768594,0.0,25,0.84,0.84,1.510465189629614,0.0,36,30,17,6,19,17,12,0,3,0,0,0,visual_only,False,navigation_topics_not_subscribed,,,,visual_only_no_navigation_acceptance_event,[],[],,full,True,True,True,True,0.0,0.0,2,0.0,0.0,0.00017633922649489263,0.00030287051931002115,100,0.87,0.86,0.87,0.86,0.0,0.0001510065440665649,,,,,,,
dynamic_bridge_h1p2_v2p0,dynamic,bridge,1.2,2.0,completed,DIAGNOSTIC,True,DIAGNOSTIC_ONLY,False,"[""diagnostic_subset_not_gate""]",[],True,True,,0,0.0,,90.56036800029688,False,True,36,44,0.45,"{""circle_detector"": 5, ""circle_detector+cross_detector"": 24, ""circle_detector+target_detector"": 1, ""cross_detector"": 10, ""cross_detector+target_detector"": 4}",48.746,50.74,1,1,1,1,1,1,1,1,1,1,,0.0,0.0,0.0,0.0393261088437269,0.0393261088437269,1,True,True,3.103345,3.117,2.0,1.9912383702277832,96,55,56,1.9699671229798381,2.9323120020169355,0.0,0.0,0.0,0.0,20,1.0,1.0,0.9673988930358116,0.0,20,0.85,0.8,0.9797000102768594,0.0,25,0.8,0.76,2.0205751998362222,0.0,32,27,15,6,17,15,11,0,3,0,0,0,visual_only,False,navigation_topics_not_subscribed,,,,visual_only_no_navigation_acceptance_event,[],[],,full,True,True,True,True,0.0,0.0,1,0.0,0.0,0.0001187546363663472,0.0001187546363663472,100,0.87,0.86,0.87,0.86,0.0,0.0001510065440665649,,,,,,,
dynamic_bridge_h1p8_v0p5,dynamic,bridge,1.8,0.5,completed,DIAGNOSTIC,True,DIAGNOSTIC_ONLY,False,"[""diagnostic_subset_not_gate""]",[],True,True,,2,0.43200000000001637,,176.35184400569415,False,True,84,140,0.375,"{""circle_detector"": 12, ""circle_detector+cross_detector"": 75, ""circle_detector+target_detector"": 6, ""cross_detector"": 28, ""cross_detector+target_detector"": 15, ""target_detector"": 4}",134.9274,140.9177,11,4,9,4,4,4,4,4,4,4,,0.0,0.6363636363636364,0.0,0.098720685023474,0.10549125752882414,4,True,True,12.41338,12.417,0.5,0.49985423210115165,253,211,212,0.5120114139509255,0.8331127516786283,0.0,0.0,0.0,0.0,20,1.0,1.0,0.9673988930358116,0.0,20,0.95,0.95,0.9571177101602647,0.0,25,0.92,0.92,0.5053381846224176,0.0,122,100,60,6,62,58,37,0,3,0,0,0,visual_only,False,navigation_topics_not_subscribed,,,,visual_only_no_navigation_acceptance_event,[],[],,full,True,True,True,True,0.0,0.0,11,0.0,0.0,0.00010270045869158069,0.0005839670970290811,100,0.87,0.86,0.87,0.86,0.0,0.0001510065440665649,,,,,,,
dynamic_bridge_h1p8_v1p0,dynamic,bridge,1.8,1.0,completed,DIAGNOSTIC,True,DIAGNOSTIC_ONLY,False,"[""diagnostic_subset_not_gate""]",[],True,True,,1,0.0,70.6763959969976,129.5206689974293,False,True,48,71,0.40336134453781514,"{""circle_detector"": 4, ""circle_detector+cross_detector"": 37, ""circle_detector+target_detector"": 3, ""cross_detector"": 16, ""cross_detector+target_detector"": 9, ""target_detector"": 2}",97.15514999999999,100.8826,6,4,3,4,4,3,3,3,3,3,,0.0,0.5,0.0,0.10225918513880844,0.10849891957221008,3,True,True,6.20669,6.209,1.0,0.9996279594137543,140,105,106,0.9967650412936669,1.6156762789100965,0.0,0.0,0.0,0.0,20,1.0,1.0,0.9673988930358116,0.0,20,0.95,0.95,0.9571177101602647,0.0,25,0.92,0.92,1.014961714381675,0.0,60,49,29,6,31,29,19,0,3,0,0,0,visual_only,False,navigation_topics_not_subscribed,,,,visual_only_no_navigation_acceptance_event,[],[],,full,True,True,True,True,0.0,0.0,6,0.0,0.0,0.00020282739499079364,0.0006449406365663268,100,0.87,0.86,0.87,0.86,0.0,0.0001510065440665649,,,,,,,
dynamic_bridge_h1p8_v1p5,dynamic,bridge,1.8,1.5,completed,DIAGNOSTIC,True,DIAGNOSTIC_ONLY,False,"[""diagnostic_subset_not_gate""]",[],True,True,,2,0.25699999999983447,1.6877140005817637,100.34336999524385,False,True,32,57,0.3595505617977528,"{""circle_detector"": 4, ""circle_detector+cross_detector"": 26, ""circle_detector+target_detector"": 7, ""cross_detector"": 15, ""cross_detector+target_detector"": 5}",146.9887,152.69215,4,4,3,4,4,4,4,4,3,3,,0.0,0.25,0.0,0.11614123170790439,0.19116855246189227,3,True,True,4.137793333333334,4.151,1.5,1.4952276559865094,113,75,76,1.5248167730624473,2.5631723960392976,0.0,0.0,0.0,0.0,20,1.0,1.0,0.9673988930358116,0.0,20,0.95,0.95,0.9571177101602647,0.0,25,0.84,0.84,1.510465189629614,0.0,38,33,18,6,20,18,14,0,3,0,0,0,visual_only,False,navigation_topics_not_subscribed,,,,visual_only_no_navigation_acceptance_event,[],[],,full,True,True,True,True,0.0,0.0,4,0.0,0.0,0.00012780356773416378,0.0006265078081993903,100,0.87,0.86,0.87,0.86,0.0,0.0001510065440665649,,,,,,,
dynamic_bridge_h1p8_v2p0,dynamic,bridge,1.8,2.0,completed,DIAGNOSTIC,True,DIAGNOSTIC_ONLY,False,"[""diagnostic_subset_not_gate""]",[],True,True,,0,0.0,,104.60077700554393,False,True,33,43,0.4342105263157895,"{""circle_detector"": 2, ""circle_detector+cross_detector"": 26, ""circle_detector+target_detector"": 1, ""cross_detector"": 7, ""cross_detector+target_detector"": 7}",68.198,70.657,2,1,2,1,1,1,1,1,1,1,,0.0,0.5,0.0,0.1073563973843642,0.1073563973843642,1,True,True,3.103345,3.108,2.0,1.9970045045045044,96,49,50,1.965450823871905,2.916772160106814,0.0,0.0,0.0,0.0,20,1.0,1.0,0.9673988930358116,0.0,20,0.95,0.95,0.9571177101602647,0.0,25,0.8,0.76,2.0205751998362222,0.0,38,32,18,6,20,18,13,0,3,0,0,0,visual_only,False,navigation_topics_not_subscribed,,,,visual_only_no_navigation_acceptance_event,[],[],,full,True,True,True,True,0.0,0.0,2,0.0,0.0,0.00010502936754956949,0.0003191796028174387,100,0.87,0.86,0.87,0.86,0.0,0.0001510065440665649,,,,,,,
dynamic_bridge_h2p4_v0p5,dynamic,bridge,2.4,0.5,completed,DIAGNOSTIC,True,DIAGNOSTIC_ONLY,False,"[""diagnostic_subset_not_gate""]",[],True,True,,0,0.06200000000012551,,118.68182900070678,False,True,86,137,0.38565022421524664,"{""circle_detector"": 9, ""circle_detector+cross_detector"": 82, ""circle_detector+target_detector"": 6, ""cross_detector"": 19, ""cross_detector+target_detector"": 17, ""target_detector"": 4}",121.744,126.90549999999999,22,11,20,11,11,11,11,11,9,9,,0.0,0.5909090909090909,0.0,0.13602973111017694,0.1431779342420113,9,True,True,12.41338,12.419,0.5,0.4997737337949915,254,211,212,0.5131327009198006,0.7692092167480868,0.0,0.0,0.0,0.0,20,1.0,1.0,0.9673988930358116,0.0,20,0.95,0.95,0.9670348935235304,0.0,25,0.92,0.92,0.5053381846224176,0.0,156,125,80,6,88,62,32,0,3,0,0,0,visual_only,False,navigation_topics_not_subscribed,,,,visual_only_no_navigation_acceptance_event,[],[],,full,True,True,True,True,0.0,0.0,22,0.0,0.0,0.00011142267029045689,0.000769870397943464,100,0.87,0.86,0.87,0.86,0.0,0.0001510065440665649,,,,,,,
dynamic_bridge_h2p4_v1p0,dynamic,bridge,2.4,1.0,completed,DIAGNOSTIC,True,DIAGNOSTIC_ONLY,False,"[""diagnostic_subset_not_gate""]",[],True,True,,0,0.0,,61.47752700053388,False,True,52,71,0.42276422764227645,"{""circle_detector"": 4, ""circle_detector+cross_detector"": 43, ""circle_detector+target_detector"": 3, ""cross_detector"": 12, ""cross_detector+target_detector"": 8, ""target_detector"": 1}",126.5614,136.281,11,7,10,7,7,7,7,7,7,7,,0.0,0.36363636363636365,0.0,0.13219980472013093,0.14957117127522504,7,True,True,6.20669,6.215,1.0,0.99866291230893,149,106,107,0.9934329872925849,1.512719961002004,0.0,0.0,0.0,0.0,20,1.0,1.0,0.9673988930358116,0.0,20,0.95,0.95,0.9670348935235304,0.0,25,0.92,0.92,1.014961714381675,0.0,87,71,45,6,49,35,20,0,3,0,0,0,visual_only,False,navigation_topics_not_subscribed,,,,visual_only_no_navigation_acceptance_event,[],[],,full,True,True,True,True,0.0,0.0,11,0.0,0.0,0.00012773200583213136,0.0007658935337788719,100,0.87,0.86,0.87,0.86,0.0,0.0001510065440665649,,,,,,,
dynamic_bridge_h2p4_v1p5,dynamic,bridge,2.4,1.5,completed,DIAGNOSTIC,True,DIAGNOSTIC_ONLY,False,"[""diagnostic_subset_not_gate""]",[],True,True,,2,0.09000000000014552,0.0,100.85302199877333,True,True,45,56,0.44554455445544555,"{""circle_detector"": 5, ""circle_detector+cross_detector"": 28, ""circle_detector+target_detector"": 5, ""cross_detector"": 11, ""cross_detector+target_detector"": 7}",87.6876,91.7204,7,5,5,5,5,3,3,3,3,3,,0.0,0.5714285714285714,0.0,0.13894132832286787,0.13971574187826943,3,True,True,4.137793333333334,4.158,1.5,1.4927104377104377,119,72,73,1.5130188364264534,2.4657651035542916,0.0,0.0,0.0,0.0,20,1.0,1.0,0.9673988930358116,0.0,20,0.95,0.95,0.9670348935235304,0.0,25,0.84,0.84,1.510465189629614,0.0,59,49,29,6,31,28,19,0,3,0,0,0,visual_only,False,navigation_topics_not_subscribed,,,,visual_only_no_navigation_acceptance_event,[],[],,full,True,True,True,True,0.0,0.0,7,0.0,0.0,0.00022004744683523013,0.0007389762132952705,100,0.87,0.86,0.87,0.86,0.0,0.0001510065440665649,,,,,,,
dynamic_bridge_h2p4_v2p0,dynamic,bridge,2.4,2.0,completed,DIAGNOSTIC,True,DIAGNOSTIC_ONLY,False,"[""diagnostic_subset_not_gate""]",[],True,True,,2,0.24200000000018917,,100.76417899836088,False,True,30,40,0.42857142857142855,"{""circle_detector"": 3, ""circle_detector+cross_detector"": 21, ""cross_detector"": 10, ""cross_detector+target_detector"": 6}",146.2317,153.32455000000002,6,4,5,4,4,4,4,4,4,4,,0.0,0.3333333333333333,0.0,0.1307332752456604,0.13878398403815903,4,True,True,3.103345,3.109,2.0,1.9963621743325828,88,47,48,1.9818140814195775,2.9478720447491833,0.0,0.0,0.0,0.0,20,1.0,1.0,0.9673988930358116,0.0,20,0.95,0.95,0.9670348935235304,0.0,25,0.8,0.76,2.0205751998362222,0.0,44,38,22,6,24,20,15,0,3,0,0,0,visual_only,False,navigation_topics_not_subscribed,,,,visual_only_no_navigation_acceptance_event,[],[],,full,True,True,True,True,0.0,0.0,6,0.0,0.0,1.0768793525291667e-05,0.0006855550151058321,100,0.87,0.86,0.87,0.86,0.0,0.0001510065440665649,,,,,,,
dynamic_bridge_h3p0_v0p5,dynamic,bridge,3.0,0.5,completed,DIAGNOSTIC,True,DIAGNOSTIC_ONLY,False,"[""diagnostic_subset_not_gate""]",[],True,True,,0,0.19700000000011642,,92.0665640005609,False,True,103,117,0.4681818181818182,"{""circle_detector"": 12, ""circle_detector+cross_detector"": 75, ""circle_detector+target_detector"": 3, ""cross_detector"": 17, ""cross_detector+target_detector"": 8, ""target_detector"": 2}",101.48124999999999,108.9249,31,18,27,17,17,17,17,17,17,17,,0.0,0.45161290322580644,0.0,0.1651836891841986,0.17334298073978982,17,True,True,12.41338,12.421,0.5,0.49969326141212467,256,221,222,0.5025056413826743,0.8501150527289398,0.0,0.0,0.0,0.0,20,1.0,1.0,0.9673988930358116,0.0,20,0.8,0.8,0.967294690867376,0.0,25,0.92,0.92,0.5053381846224176,0.0,182,142,111,5,112,70,31,0,2,0,0,0,visual_only,False,navigation_topics_not_subscribed,,,,visual_only_no_navigation_acceptance_event,[],[],,full,True,True,True,True,0.0,0.0,31,0.0,0.0,0.0001303664971503464,0.0009340067087040716,100,0.87,0.86,0.87,0.86,0.0,0.0001510065440665649,,,,,,,
dynamic_bridge_h3p0_v1p0,dynamic,bridge,3.0,1.0,completed,DIAGNOSTIC,True,DIAGNOSTIC_ONLY,False,"[""diagnostic_subset_not_gate""]",[],True,True,,0,0.0,,225.7514250013628,False,True,57,68,0.456,"{""circle_detector"": 5, ""circle_detector+cross_detector"": 43, ""circle_detector+target_detector"": 3, ""cross_detector"": 8, ""cross_detector+target_detector"": 6, ""target_detector"": 3}",140.67079999999999,150.9642,14,9,10,9,9,9,9,9,9,9,,0.0,0.35714285714285715,0.0,0.16277289785595594,0.17441977468193126,9,True,True,6.20669,6.225,1.0,0.9970586345381527,154,114,115,1.0263638857958546,1.6072649585693841,0.0,0.0,0.0,0.0,20,1.0,1.0,0.9673988930358116,0.0,20,0.8,0.8,0.967294690867376,0.0,25,0.92,0.92,1.014961714381675,0.0,102,79,61,5,62,40,18,0,2,0,0,0,visual_only,False,navigation_topics_not_subscribed,,,,visual_only_no_navigation_acceptance_event,[],[],,full,True,True,True,True,0.0,0.0,14,0.0,0.0,8.446913977717685e-05,0.0009150174920985066,100,0.87,0.86,0.87,0.86,0.0,0.0001510065440665649,,,,,,,
dynamic_bridge_h3p0_v1p5,dynamic,bridge,3.0,1.5,completed,DIAGNOSTIC,True,DIAGNOSTIC_ONLY,False,"[""diagnostic_subset_not_gate""]",[],True,True,,0,0.0,0.36533400270855054,86.0914880031487,False,True,52,46,0.5306122448979592,"{""circle_detector"": 1, ""circle_detector+cross_detector"": 30, ""circle_detector+target_detector"": 2, ""cross_detector"": 10, ""cross_detector+target_detector"": 3}",161.9709,169.55220000000003,12,7,12,7,7,7,7,7,7,7,,0.0,0.4166666666666667,0.0,0.1614263111918046,0.17327819654873222,7,True,True,4.137793333333334,4.145,1.5,1.497392038600724,106,63,65,1.4836857481064158,2.3914529022265096,0.0,0.0,0.0,0.0,20,1.0,1.0,0.9673988930358116,0.0,20,0.8,0.8,0.967294690867376,0.0,25,0.84,0.84,1.510465189629614,0.0,95,77,57,5,58,37,20,0,2,0,0,0,visual_only,False,navigation_topics_not_subscribed,,,,visual_only_no_navigation_acceptance_event,[],[],,full,True,True,True,True,0.0,0.0,12,0.0,0.0,0.00011521281095515276,0.0009661555339642812,100,0.87,0.86,0.87,0.86,0.0,0.0001510065440665649,,,,,,,
dynamic_bridge_h3p0_v2p0,dynamic,bridge,3.0,2.0,completed,DIAGNOSTIC,True,DIAGNOSTIC_ONLY,False,"[""diagnostic_subset_not_gate""]",[],True,True,,2,0.16599999999993997,0.0,119.64370599889662,True,True,34,48,0.4146341463414634,"{""circle_detector"": 4, ""circle_detector+cross_detector"": 27, ""circle_detector+target_detector"": 2, ""cross_detector"": 10, ""cross_detector+target_detector"": 5}",152.70639999999997,157.57389999999998,9,3,9,3,3,3,3,3,2,2,,0.0,0.7777777777777778,0.0,0.17068571380695693,0.17174466415851697,2,True,True,3.103345,3.111,2.0,1.9950787528126004,101,61,62,1.9369481492315366,3.3190855615003407,0.0,0.0,0.0,0.0,20,1.0,1.0,0.9673988930358116,0.0,20,0.8,0.8,0.967294690867376,0.0,25,0.8,0.76,2.0205751998362222,0.0,52,43,30,5,31,21,13,0,2,0,0,0,visual_only,False,navigation_topics_not_subscribed,,,,visual_only_no_navigation_acceptance_event,[],[],,full,True,True,True,True,0.0,0.0,9,0.0,0.0,0.00020879552687098622,0.0009595244378384391,100,0.87,0.86,0.87,0.86,0.0,0.0001510065440665649,,,,,,,
dynamic_bridge_h3p6_v0p5,dynamic,bridge,3.6,0.5,completed,DIAGNOSTIC,True,DIAGNOSTIC_ONLY,False,"[""diagnostic_subset_not_gate""]",[],True,True,,1,0.5040000000001328,,97.03300399996806,False,True,104,133,0.4388185654008439,"{""circle_detector"": 8, ""circle_detector+cross_detector"": 85, ""circle_detector+target_detector"": 5, ""cross_detector"": 18, ""cross_detector+target_detector"": 15, ""target_detector"": 2}",134.79450000000006,146.19590000000005,43,24,36,22,22,19,19,19,19,18,,0.05263157894736842,0.5813953488372093,0.0,0.19187473899063343,0.20540713250706763,18,True,True,12.41338,12.414,0.5,0.49997502819397455,268,220,223,0.5134080478356011,0.8331127516786135,0.0,0.0,0.0,0.0,20,1.0,1.0,0.9673988930358116,0.0,20,0.8,0.8,0.9607356938732866,0.0,25,0.92,0.92,0.5053381846224176,0.0,191,150,114,5,115,76,36,0,2,0,0,0,visual_only,False,navigation_topics_not_subscribed,,,,visual_only_no_navigation_acceptance_event,[],[],,full,True,True,True,True,0.0,0.0,43,0.0,0.0,0.00017184163347038078,0.0010099201352411313,100,0.87,0.86,0.87,0.86,0.0,0.0001510065440665649,,,,,,,
dynamic_bridge_h3p6_v1p0,dynamic,bridge,3.6,1.0,completed,DIAGNOSTIC,True,DIAGNOSTIC_ONLY,False,"[""diagnostic_subset_not_gate""]",[],True,True,,1,0.25099999999997635,,109.1909980023047,False,True,52,69,0.4297520661157025,"{""circle_detector"": 6, ""circle_detector+cross_detector"": 40, ""circle_detector+target_detector"": 2, ""cross_detector"": 16, ""cross_detector+target_detector"": 5}",144.82,157.42090000000002,18,7,13,7,7,7,7,7,7,7,,0.0,0.6111111111111112,0.0,0.18569140203357407,0.20371485037756829,7,True,True,6.20669,6.216,1.0,0.9985022522522522,143,106,108,0.9921199728726414,1.4791908453262261,0.0,0.0,0.0,0.0,20,1.0,1.0,0.9673988930358116,0.0,20,0.8,0.8,0.9607356938732866,0.0,25,0.92,0.92,1.014961714381675,0.0,80,61,48,5,49,31,13,0,2,0,0,0,visual_only,False,navigation_topics_not_subscribed,,,,visual_only_no_navigation_acceptance_event,[],[],,full,True,True,True,True,0.0,0.0,18,0.0,0.0,9.715791202028849e-05,0.0008699558700119956,100,0.87,0.86,0.87,0.86,0.0,0.0001510065440665649,,,,,,,
dynamic_bridge_h3p6_v1p5,dynamic,bridge,3.6,1.5,completed,DIAGNOSTIC,True,DIAGNOSTIC_ONLY,False,"[""diagnostic_subset_not_gate""]",[],True,True,,1,0.35799999999994725,14.192333997925743,97.5992320018122,False,True,42,58,0.42,"{""circle_detector"": 6, ""circle_detector+cross_detector"": 29, ""circle_detector+target_detector"": 4, ""cross_detector"": 9, ""cross_detector+target_detector"": 9, ""target_detector"": 1}",110.71650000000001,114.8144,13,7,8,7,7,5,5,5,4,4,,0.0,0.6923076923076923,0.0,0.14920556651173494,0.17994064323690567,4,True,True,4.137793333333334,4.148,1.5,1.4963090646094506,121,74,75,1.5175889744289897,2.3790951243345706,0.0,0.0,0.0,0.0,20,1.0,1.0,0.9673988930358116,0.0,20,0.8,0.8,0.9607356938732866,0.0,25,0.84,0.84,1.510465189629614,0.0,70,56,40,5,41,29,16,0,2,0,0,0,visual_only,False,navigation_topics_not_subscribed,,,,visual_only_no_navigation_acceptance_event,[],[],,full,True,True,True,True,0.0,0.0,13,0.0,0.0,0.00018235731816386756,0.0010033022577652774,100,0.87,0.86,0.87,0.86,0.0,0.0001510065440665649,,,,,,,
dynamic_bridge_h3p6_v2p0,dynamic,bridge,3.6,2.0,completed,DIAGNOSTIC,True,DIAGNOSTIC_ONLY,False,"[""diagnostic_subset_not_gate""]",[],True,True,,1,0.10500000000001819,,104.69371599901933,False,True,39,40,0.4936708860759494,"{""circle_detector"": 2, ""circle_detector+cross_detector"": 27, ""circle_detector+target_detector"": 1, ""cross_detector"": 7, ""cross_detector+target_detector"": 3}",123.05820000000003,127.08405000000002,12,10,12,10,10,10,10,10,10,10,,0.0,0.16666666666666666,0.0,0.17363619593174406,0.20474390697599515,10,True,True,3.103345,3.121,2.0,1.9886863184876642,98,57,58,2.0063670075980644,3.176453545504016,0.0,0.0,0.0,0.0,20,1.0,1.0,0.9673988930358116,0.0,20,0.8,0.8,0.9607356938732866,0.0,25,0.8,0.76,2.0205751998362222,0.0,63,47,36,5,37,26,11,0,2,0,0,0,visual_only,False,navigation_topics_not_subscribed,,,,visual_only_no_navigation_acceptance_event,[],[],,full,True,True,True,True,0.0,0.0,12,0.0,0.0,0.00017029183217434073,0.0008936603169490718,100,0.87,0.86,0.87,0.86,0.0,0.0001510065440665649,,,,,,,
dynamic_panzer_h1p2_v0p5,dynamic,panzer,1.2,0.5,completed,DIAGNOSTIC,True,DIAGNOSTIC_ONLY,False,"[""diagnostic_subset_not_gate""]",[],True,True,,0,0.0,,91.261918998498,False,True,117,136,0.4624505928853755,"{""circle_detector"": 5, ""circle_detector+cross_detector"": 87, ""circle_detector+target_detector"": 9, ""cross_detector"": 23, ""cross_detector+target_detector"": 11, ""target_detector"": 1}",52.4202,54.3269,3,2,3,2,2,2,2,2,2,2,,0.0,0.3333333333333333,0.0,0.07157941442078762,0.07470400562614345,2,True,True,13.6525,13.67,0.5,0.49935991221653253,285,245,248,0.5037879175783588,0.8516533276338873,0.0,0.0,0.0,0.0,20,0.9,0.9,0.9853178547289344,0.0,20,0.85,0.8,0.9797000102768594,0.0,25,0.92,0.92,0.5053381846224176,0.0,43,27,27,3,28,15,0,0,1,0,0,0,visual_only,False,navigation_topics_not_subscribed,,,,visual_only_no_navigation_acceptance_event,[],[],,full,True,True,True,True,0.0,0.0,3,0.0,0.0,0.00018862890272591435,0.0002988094999536095,100,0.87,0.86,0.87,0.86,0.0,0.0001510065440665649,,,,,,,
dynamic_panzer_h1p2_v1p0,dynamic,panzer,1.2,1.0,completed,DIAGNOSTIC,True,DIAGNOSTIC_ONLY,False,"[""diagnostic_subset_not_gate""]",[],True,True,,0,0.0,16.626311000436544,136.8026260024635,False,True,71,69,0.5071428571428571,"{""circle_detector"": 6, ""circle_detector+cross_detector"": 42, ""circle_detector+target_detector"": 1, ""cross_detector"": 14, ""cross_detector+target_detector"": 5, ""target_detector"": 1}",87.009,93.07,1,1,1,1,1,1,1,1,1,1,,0.0,0.0,0.0,0.0751389580709154,0.0751389580709154,1,True,True,6.82625,6.83,1.0,0.9994509516837482,159,118,119,0.9785971593139924,1.6691719202163815,0.0,0.0,0.0,0.0,20,0.9,0.9,0.9853178547289344,0.0,20,0.85,0.8,0.9797000102768594,0.0,25,0.92,0.92,1.014961714381675,0.0,20,13,13,3,14,6,0,0,1,0,0,0,visual_only,False,navigation_topics_not_subscribed,,,,visual_only_no_navigation_acceptance_event,[],[],,full,True,True,True,True,0.0,0.0,1,0.0,0.0,0.0001823711105496173,0.0001823711105496173,100,0.87,0.86,0.87,0.86,0.0,0.0001510065440665649,,,,,,,
dynamic_panzer_h1p2_v1p5,dynamic,panzer,1.2,1.5,completed,DIAGNOSTIC,True,DIAGNOSTIC_ONLY,False,"[""diagnostic_subset_not_gate""]",[],False,False,,,,,,False,True,47,58,0.44761904761904764,"{""circle_detector"": 3, ""circle_detector+cross_detector"": 39, ""circle_detector+target_detector"": 4, ""cross_detector"": 8, ""cross_detector+target_detector"": 4}",,,1,0,1,0,0,0,0,0,0,0,raw_classifier,,1.0,,,,0,True,True,4.550833333333333,4.558,1.5,1.4976415094339623,126,81,82,1.5268665791825176,2.4913321167905798,0.0,0.0,0.0,0.0,20,0.9,0.9,0.9853178547289344,0.0,20,0.85,0.8,0.9797000102768594,0.0,25,0.84,0.84,1.510465189629614,0.0,10,6,6,3,7,3,0,0,1,0,0,0,visual_only,False,navigation_topics_not_subscribed,,,,visual_only_no_navigation_acceptance_event,[],[],,full,False,False,True,True,0.0,0.0,1,0.0,0.0,-2.4645038198833902e-05,2.4645038198833902e-05,100,0.87,0.86,0.87,0.86,0.0,0.0001510065440665649,,,,,,,
dynamic_panzer_h1p2_v2p0,dynamic,panzer,1.2,2.0,completed,DIAGNOSTIC,True,DIAGNOSTIC_ONLY,False,"[""diagnostic_subset_not_gate""]",[],False,False,,,,,,False,True,45,43,0.5113636363636364,"{""circle_detector"": 4, ""circle_detector+cross_detector"": 32, ""cross_detector"": 6, ""cross_detector+target_detector"": 1}",,,1,0,0,0,0,0,0,0,0,0,raw_classifier,,1.0,,,,0,True,True,3.413125,3.425,2.0,1.993065693430657,99,62,63,2.5324325705879946,3.5558340592302176,0.0,0.0,0.0,0.0,20,0.9,0.9,0.9853178547289344,0.0,20,0.85,0.8,0.9797000102768594,0.0,25,0.8,0.76,2.0205751998362222,0.0,11,7,7,3,8,3,0,0,1,0,0,0,visual_only,False,navigation_topics_not_subscribed,,,,visual_only_no_navigation_acceptance_event,[],[],,full,False,False,True,True,0.0,0.0,1,0.0,0.0,-5.450432560039076e-06,5.450432560039076e-06,100,0.87,0.86,0.87,0.86,0.0,0.0001510065440665649,,,,,,,
dynamic_panzer_h1p8_v0p5,dynamic,panzer,1.8,0.5,completed,DIAGNOSTIC,True,DIAGNOSTIC_ONLY,False,"[""diagnostic_subset_not_gate""]",[],True,True,,0,0.0,,134.78088400006527,False,True,117,149,0.4398496240601504,"{""circle_detector"": 12, ""circle_detector+cross_detector"": 89, ""circle_detector+target_detector"": 4, ""cross_detector"": 25, ""cross_detector+target_detector"": 17, ""target_detector"": 2}",103.8216,108.18305000000001,16,10,14,9,9,9,9,9,8,8,,0.0,0.5,0.0,0.10062619334737197,0.11830235611216523,8,True,True,13.6525,13.656,0.5,0.4998718512009373,285,247,248,0.5008726351957922,0.857660355984458,0.0,0.0,0.0,0.0,20,0.9,0.9,0.9853178547289344,0.0,20,0.95,0.95,0.9571177101602647,0.0,25,0.92,0.92,0.5053381846224176,0.0,77,50,50,3,51,26,0,0,1,0,0,0,visual_only,False,navigation_topics_not_subscribed,,,,visual_only_no_navigation_acceptance_event,[],[],,full,True,True,True,True,0.0,0.0,16,0.0,0.0,0.00012323935632387872,0.0006795965989926156,100,0.87,0.86,0.87,0.86,0.0,0.0001510065440665649,,,,,,,
dynamic_panzer_h1p8_v1p0,dynamic,panzer,1.8,1.0,completed,DIAGNOSTIC,True,DIAGNOSTIC_ONLY,False,"[""diagnostic_subset_not_gate""]",[],True,True,,0,0.0,,74.50823399994988,False,True,74,79,0.48366013071895425,"{""circle_detector"": 10, ""circle_detector+cross_detector"": 46, ""circle_detector+target_detector"": 2, ""cross_detector"": 11, ""cross_detector+target_detector"": 8, ""target_detector"": 2}",65.98910000000001,68.9482,9,7,8,7,7,7,7,7,7,7,,0.0,0.2222222222222222,0.0,0.0960367903822173,0.10730548583727081,7,True,True,6.82625,6.838,1.0,0.9982816613044749,174,123,124,1.0179677232199182,1.6649390243917577,0.0,0.0,0.0,0.0,20,0.9,0.9,0.9853178547289344,0.0,20,0.95,0.95,0.9571177101602647,0.0,25,0.92,0.92,1.014961714381675,0.0,40,26,26,3,27,13,0,0,1,0,0,0,visual_only,False,navigation_topics_not_subscribed,,,,visual_only_no_navigation_acceptance_event,[],[],,full,True,True,True,True,0.0,0.0,9,0.0,0.0,0.00020315303638079502,0.0006683308074957495,100,0.87,0.86,0.87,0.86,0.0,0.0001510065440665649,,,,,,,
dynamic_panzer_h1p8_v1p5,dynamic,panzer,1.8,1.5,completed,DIAGNOSTIC,True,DIAGNOSTIC_ONLY,False,"[""diagnostic_subset_not_gate""]",[],True,True,,0,0.16499999999996362,,83.98241900431458,False,True,51,52,0.49514563106796117,"{""circle_detector"": 2, ""circle_detector+cross_detector"": 34, ""circle_detector+target_detector"": 1, ""cross_detector"": 11, ""cross_detector+target_detector"": 1, ""target_detector"": 3}",60.04089999999999,61.8276,5,4,5,4,4,4,4,4,4,4,,0.0,0.2,0.0,0.09531691908087017,0.10722804234228596,4,True,True,4.550833333333333,4.562,1.5,1.4963283647523016,121,81,82,1.5103076300553686,2.4913321167905504,0.0,0.0,0.0,0.0,20,0.9,0.9,0.9853178547289344,0.0,20,0.95,0.95,0.9571177101602647,0.0,25,0.84,0.84,1.510465189629614,0.0,26,16,16,3,17,9,0,0,1,0,0,0,visual_only,False,navigation_topics_not_subscribed,,,,visual_only_no_navigation_acceptance_event,[],[],,full,True,True,True,True,0.0,0.0,5,0.0,0.0,0.00020930393912031776,0.00050905237108676,100,0.87,0.86,0.87,0.86,0.0,0.0001510065440665649,,,,,,,
dynamic_panzer_h1p8_v2p0,dynamic,panzer,1.8,2.0,completed,DIAGNOSTIC,True,DIAGNOSTIC_ONLY,False,"[""diagnostic_subset_not_gate""]",[],True,True,,0,0.2999999999999545,49.55565199634293,101.98537100222893,False,True,40,45,0.47058823529411764,"{""circle_detector"": 2, ""circle_detector+cross_detector"": 30, ""circle_detector+target_detector"": 2, ""cross_detector"": 8, ""cross_detector+target_detector"": 3}",66.78075000000001,70.32900000000001,2,2,2,2,2,2,2,2,2,2,,0.0,0.0,0.0,0.03912449109539694,0.045951758832335536,2,True,True,3.413125,3.418,2.0,1.997147454651843,100,59,60,2.029315394336874,3.36180838623681,0.0,0.0,0.0,0.0,20,0.9,0.9,0.9853178547289344,0.0,20,0.95,0.95,0.9571177101602647,0.0,25,0.8,0.76,2.0205751998362222,0.0,14,8,8,3,9,5,0,0,1,0,0,0,visual_only,False,navigation_topics_not_subscribed,,,,visual_only_no_navigation_acceptance_event,[],[],,full,True,True,True,True,0.0,0.0,2,0.0,0.0,0.0001725124397763622,0.0006310523461341511,100,0.87,0.86,0.87,0.86,0.0,0.0001510065440665649,,,,,,,
dynamic_panzer_h2p4_v0p5,dynamic,panzer,2.4,0.5,completed,DIAGNOSTIC,True,DIAGNOSTIC_ONLY,False,"[""diagnostic_subset_not_gate""]",[],True,True,,1,0.0,,121.8050530005712,False,True,123,127,0.492,"{""circle_detector"": 4, ""circle_detector+cross_detector"": 81, ""circle_detector+target_detector"": 4, ""cross_detector"": 22, ""cross_detector+target_detector"": 11, ""target_detector"": 5}",98.67750000000001,102.54650000000001,25,11,22,11,11,10,10,10,10,10,,0.0,0.6,0.0,0.13885523433634261,0.1450837053764665,10,True,True,13.6525,13.665,0.5,0.4995426271496524,281,241,243,0.5001150751614134,0.8611753574433415,0.0,0.0,0.0,0.0,20,0.9,0.9,0.9853178547289344,0.0,20,0.95,0.95,0.9670348935235304,0.0,25,0.92,0.92,0.5053381846224176,0.0,113,72,72,3,73,40,0,0,1,0,0,0,visual_only,False,navigation_topics_not_subscribed,,,,visual_only_no_navigation_acceptance_event,[],[],,full,True,True,True,True,0.0,0.0,25,0.0,0.0,0.0002318608002184348,0.0008361652550490463,100,0.87,0.86,0.87,0.86,0.0,0.0001510065440665649,,,,,,,
dynamic_panzer_h2p4_v1p0,dynamic,panzer,2.4,1.0,completed,DIAGNOSTIC,True,DIAGNOSTIC_ONLY,False,"[""diagnostic_subset_not_gate""]",[],True,True,,0,0.0340000000001055,,73.39522799884435,False,True,81,72,0.5294117647058824,"{""circle_detector"": 6, ""circle_detector+cross_detector"": 39, ""circle_detector+target_detector"": 7, ""cross_detector"": 12, ""cross_detector+target_detector"": 8}",123.31710000000001,126.88120000000002,11,7,9,7,7,7,7,7,6,6,,0.0,0.45454545454545453,0.0,0.12342717278222641,0.1466562777442888,6,True,True,6.82625,6.8309999999999995,1.0,0.9993046406089885,166,120,121,1.0061403716932946,1.4389830139385966,0.0,0.0,0.0,0.0,20,0.9,0.9,0.9853178547289344,0.0,20,0.95,0.95,0.9670348935235304,0.0,25,0.92,0.92,1.014961714381675,0.0,60,42,42,3,43,17,0,0,1,0,0,0,visual_only,False,navigation_topics_not_subscribed,,,,visual_only_no_navigation_acceptance_event,[],[],,full,True,True,True,True,0.0,0.0,11,0.0,0.0,0.00018126275061813857,0.0008342858368330042,100,0.87,0.86,0.87,0.86,0.0,0.0001510065440665649,,,,,,,
dynamic_panzer_h2p4_v1p5,dynamic,panzer,2.4,1.5,completed,DIAGNOSTIC,True,DIAGNOSTIC_ONLY,False,"[""diagnostic_subset_not_gate""]",[],True,True,,1,0.038000000000010914,0.0,66.91424600285245,True,True,57,45,0.5588235294117647,"{""circle_detector"": 5, ""circle_detector+cross_detector"": 21, ""circle_detector+target_detector"": 3, ""cross_detector"": 8, ""cross_detector+target_detector"": 8}",84.13419999999999,88.082,8,5,8,5,5,5,5,5,5,5,,0.0,0.375,0.0,0.1251563004408362,0.13994827985786215,5,True,True,4.550833333333333,4.552,1.5,1.499615553602812,125,80,81,1.554291432781697,2.8318680976812134,0.0,0.0,0.0,0.0,20,0.9,0.9,0.9853178547289344,0.0,20,0.95,0.95,0.9670348935235304,0.0,25,0.84,0.84,1.510465189629614,0.0,38,24,24,3,25,13,0,0,1,0,0,0,visual_only,False,navigation_topics_not_subscribed,,,,visual_only_no_navigation_acceptance_event,[],[],,full,True,True,True,True,0.0,0.0,8,0.0,0.0,0.00020329893179298343,0.0006971743851408086,100,0.87,0.86,0.87,0.86,0.0,0.0001510065440665649,,,,,,,
dynamic_panzer_h2p4_v2p0,dynamic,panzer,2.4,2.0,completed,DIAGNOSTIC,True,DIAGNOSTIC_ONLY,False,"[""diagnostic_subset_not_gate""]",[],True,True,,0,0.2999999999999545,0.0,102.89694099628832,True,True,42,40,0.5121951219512195,"{""circle_detector"": 4, ""circle_detector+cross_detector"": 24, ""circle_detector+target_detector"": 1, ""cross_detector"": 7, ""cross_detector+target_detector"": 3, ""target_detector"": 1}",87.20120000000001,90.4182,6,4,6,4,4,4,4,4,4,4,,0.0,0.3333333333333333,0.0,0.12270849639009804,0.1382894840256501,4,True,True,3.413125,3.433,2.0,1.9884212059423245,98,61,62,2.1469867540811274,3.478977065901484,0.0,0.0,0.0,0.0,20,0.9,0.9,0.9853178547289344,0.0,20,0.95,0.95,0.9670348935235304,0.0,25,0.8,0.76,2.0205751998362222,0.0,21,14,14,3,15,6,0,0,1,0,0,0,visual_only,False,navigation_topics_not_subscribed,,,,visual_only_no_navigation_acceptance_event,[],[],,full,True,True,True,True,0.0,0.0,6,0.0,0.0,-2.0184142533293448e-05,0.0006097041257428604,100,0.87,0.86,0.87,0.86,0.0,0.0001510065440665649,,,,,,,
dynamic_panzer_h3p0_v0p5,dynamic,panzer,3.0,0.5,completed,DIAGNOSTIC,True,DIAGNOSTIC_ONLY,False,"[""diagnostic_subset_not_gate""]",[],True,True,,1,0.06700000000000728,,84.60789200034924,False,True,133,116,0.5341365461847389,"{""circle_detector"": 11, ""circle_detector+cross_detector"": 67, ""circle_detector+target_detector"": 5, ""cross_detector"": 16, ""cross_detector+target_detector"": 14, ""target_detector"": 3}",170.8114,181.67445,30,20,27,20,20,20,20,20,19,19,,0.0,0.36666666666666664,0.0,0.16492268403126967,0.1720721860258558,19,True,True,13.6525,13.662,0.5,0.4996523203044942,278,235,236,0.5127495307559422,0.8560230262450721,0.0,0.0,0.0,0.0,20,0.9,0.9,0.9853178547289344,0.0,20,0.8,0.8,0.967294690867376,0.0,25,0.92,0.92,0.5053381846224176,0.0,141,97,97,3,98,43,0,0,1,0,0,0,visual_only,False,navigation_topics_not_subscribed,,,,visual_only_no_navigation_acceptance_event,[],[],,full,True,True,True,True,0.0,0.0,30,0.0,0.0,0.0001150878995544602,0.0008497496767679103,100,0.87,0.86,0.87,0.86,0.0,0.0001510065440665649,,,,,,,
dynamic_panzer_h3p0_v1p0,dynamic,panzer,3.0,1.0,completed,DIAGNOSTIC,True,DIAGNOSTIC_ONLY,False,"[""diagnostic_subset_not_gate""]",[],True,True,,1,0.20000000000004547,,110.81482900044648,False,True,77,72,0.5167785234899329,"{""circle_detector"": 2, ""circle_detector+cross_detector"": 51, ""circle_detector+target_detector"": 1, ""cross_detector"": 11, ""cross_detector+target_detector"": 6, ""target_detector"": 1}",109.985,113.25,18,11,13,11,11,10,10,10,10,10,,0.0,0.4444444444444444,0.0,0.16175015009674898,0.18681886957056487,10,True,True,6.82625,6.832,1.0,0.9991583723653396,164,122,123,1.0456759845204906,1.840682588072714,0.0,0.0,0.0,0.0,20,0.9,0.9,0.9853178547289344,0.0,20,0.8,0.8,0.967294690867376,0.0,25,0.92,0.92,1.014961714381675,0.0,80,53,53,3,54,26,0,0,1,0,0,0,visual_only,False,navigation_topics_not_subscribed,,,,visual_only_no_navigation_acceptance_event,[],[],,full,True,True,True,True,0.0,0.0,18,0.0,0.0,0.00011375760751961807,0.0007926752750696939,100,0.87,0.86,0.87,0.86,0.0,0.0001510065440665649,,,,,,,
dynamic_panzer_h3p0_v1p5,dynamic,panzer,3.0,1.5,completed,DIAGNOSTIC,True,DIAGNOSTIC_ONLY,False,"[""diagnostic_subset_not_gate""]",[],True,True,,1,0.10000000000013642,0.0,93.29031000379473,True,True,47,52,0.47474747474747475,"{""circle_detector"": 7, ""circle_detector+cross_detector"": 24, ""circle_detector+target_detector"": 3, ""cross_detector"": 11, ""cross_detector+target_detector"": 7}",174.5645,183.2415,12,6,10,6,6,6,6,6,6,6,,0.0,0.5,0.0,0.15905746193535206,0.17365390810188538,6,True,True,4.550833333333333,4.562,1.5,1.4963283647523016,122,82,83,1.513084944189782,2.335623859494501,0.0,0.0,0.0,0.0,20,0.9,0.9,0.9853178547289344,0.0,20,0.8,0.8,0.967294690867376,0.0,25,0.84,0.84,1.510465189629614,0.0,41,27,27,3,28,13,0,0,1,0,0,0,visual_only,False,navigation_topics_not_subscribed,,,,visual_only_no_navigation_acceptance_event,[],[],,full,True,True,True,True,0.0,0.0,12,0.0,0.0,9.477277658955784e-05,0.0008044216790932345,100,0.87,0.86,0.87,0.86,0.0,0.0001510065440665649,,,,,,,
dynamic_panzer_h3p0_v2p0,dynamic,panzer,3.0,2.0,completed,DIAGNOSTIC,True,DIAGNOSTIC_ONLY,False,"[""diagnostic_subset_not_gate""]",[],True,True,,1,0.0,,125.54486699809786,False,True,40,45,0.47058823529411764,"{""circle_detector"": 3, ""circle_detector+cross_detector"": 28, ""circle_detector+target_detector"": 1, ""cross_detector"": 6, ""cross_detector+target_detector"": 7}",82.3446,86.4716,8,5,8,4,4,4,4,4,4,4,,0.0,0.5,0.0,0.1325048558840901,0.1733776886517741,4,True,True,3.413125,3.423,2.0,1.9942302074203915,99,61,62,2.036725123314719,3.699864498638988,0.0,0.0,0.0,0.0,20,0.9,0.9,0.9853178547289344,0.0,20,0.8,0.8,0.967294690867376,0.0,25,0.8,0.76,2.0205751998362222,0.0,40,26,26,3,27,13,0,0,1,0,0,0,visual_only,False,navigation_topics_not_subscribed,,,,visual_only_no_navigation_acceptance_event,[],[],,full,True,True,True,True,0.0,0.0,8,0.0,0.0,0.00015340743288105863,0.0008572562935208518,100,0.87,0.86,0.87,0.86,0.0,0.0001510065440665649,,,,,,,
dynamic_panzer_h3p6_v0p5,dynamic,panzer,3.6,0.5,completed,DIAGNOSTIC,True,DIAGNOSTIC_ONLY,False,"[""diagnostic_subset_not_gate""]",[],True,True,,1,0.22300000000018372,,82.42135700129438,False,True,132,128,0.5076923076923077,"{""circle_detector"": 10, ""circle_detector+cross_detector"": 81, ""circle_detector+target_detector"": 4, ""cross_detector"": 17, ""cross_detector+target_detector"": 14, ""target_detector"": 2}",105.59880000000001,115.26919999999997,44,33,37,33,33,30,30,30,30,29,,0.03333333333333333,0.3409090909090909,0.0,0.19394805432298987,0.20487461774802468,29,True,True,13.6525,13.658,0.5,0.4997986528042173,295,250,252,0.5037742013935456,0.8611753574433262,0.0,0.0,0.0,0.0,20,0.9,0.9,0.9853178547289344,0.0,20,0.8,0.8,0.9607356938732866,0.0,25,0.92,0.92,0.5053381846224176,0.0,159,105,100,5,104,53,0,0,1,0,0,0,visual_only,False,navigation_topics_not_subscribed,,,,visual_only_no_navigation_acceptance_event,[],[],,full,True,True,True,True,0.0,0.0,44,0.0,0.0,0.0001743485563235306,0.0010327665677463572,100,0.87,0.86,0.87,0.86,0.0,0.0001510065440665649,,,,,,,
dynamic_panzer_h3p6_v1p0,dynamic,panzer,3.6,1.0,completed,DIAGNOSTIC,True,DIAGNOSTIC_ONLY,False,"[""diagnostic_subset_not_gate""]",[],True,True,,1,0.2819999999999254,294.86617000657134,127.08772700716509,False,True,61,75,0.4485294117647059,"{""circle_detector"": 2, ""circle_detector+cross_detector"": 40, ""circle_detector+target_detector"": 3, ""cross_detector"": 20, ""cross_detector+target_detector"": 7, ""target_detector"": 3}",152.51719999999997,161.34939999999997,20,9,13,8,8,7,7,7,7,7,,0.0,0.65,0.0,0.18777193898067482,0.2031104149085905,7,True,True,6.82625,6.865,1.0,0.9943554260742898,162,124,125,1.015940215114228,1.6073950488855488,0.0,0.0,0.0,0.0,20,0.9,0.9,0.9853178547289344,0.0,20,0.8,0.8,0.9607356938732866,0.0,25,0.92,0.92,1.014961714381675,0.0,48,33,33,3,34,14,0,0,1,0,0,0,visual_only,False,navigation_topics_not_subscribed,,,,visual_only_no_navigation_acceptance_event,[],[],,full,True,True,True,True,0.0,0.0,20,0.0,0.0,0.0002547269180137146,0.000993345287116405,100,0.87,0.86,0.87,0.86,0.0,0.0001510065440665649,,,,,,,
dynamic_panzer_h3p6_v1p5,dynamic,panzer,3.6,1.5,completed,DIAGNOSTIC,True,DIAGNOSTIC_ONLY,False,"[""diagnostic_subset_not_gate""]",[],True,True,,1,0.10199999999986176,0.0,196.74620300065726,True,True,45,62,0.4205607476635514,"{""circle_detector"": 6, ""circle_detector+cross_detector"": 35, ""circle_detector+target_detector"": 2, ""cross_detector"": 9, ""cross_detector+target_detector"": 9, ""target_detector"": 1}",141.7168,151.147,12,9,9,9,9,9,9,9,9,9,,0.0,0.25,0.0,0.16126595473207253,0.20665414305204477,9,True,True,4.550833333333333,4.554,1.5,1.4989569609134825,125,83,84,1.5042908477639036,2.3824452235662084,0.0,0.0,0.0,0.0,20,0.9,0.9,0.9853178547289344,0.0,20,0.8,0.8,0.9607356938732866,0.0,25,0.84,0.84,1.510465189629614,0.0,37,24,24,3,25,12,0,0,1,0,0,0,visual_only,False,navigation_topics_not_subscribed,,,,visual_only_no_navigation_acceptance_event,[],[],,full,True,True,True,True,0.0,0.0,12,0.0,0.0,0.00023551485458447687,0.0009826616968882363,100,0.87,0.86,0.87,0.86,0.0,0.0001510065440665649,,,,,,,
dynamic_panzer_h3p6_v2p0,dynamic,panzer,3.6,2.0,completed,DIAGNOSTIC,True,DIAGNOSTIC_ONLY,False,"[""diagnostic_subset_not_gate""]",[],True,True,,1,0.3999999999998636,,182.02917700546095,False,True,35,46,0.43209876543209874,"{""circle_detector"": 4, ""circle_detector+cross_detector"": 26, ""circle_detector+target_detector"": 1, ""cross_detector"": 8, ""cross_detector+target_detector"": 6, ""target_detector"": 1}",113.7858,119.698,9,5,7,5,5,5,5,5,5,5,,0.0,0.4444444444444444,0.0,0.16421406392683086,0.17223864382092863,5,True,True,3.413125,3.43,2.0,1.9901603498542273,99,62,63,1.9264453853404127,3.1125790216965488,0.0,0.0,0.0,0.0,20,0.9,0.9,0.9853178547289344,0.0,20,0.8,0.8,0.9607356938732866,0.0,25,0.8,0.76,2.0205751998362222,0.0,29,20,20,3,21,8,0,0,1,0,0,0,visual_only,False,navigation_topics_not_subscribed,,,,visual_only_no_navigation_acceptance_event,[],[],,full,True,True,True,True,0.0,0.0,9,0.0,0.0,-8.354338151609477e-05,0.0007663900115464273,100,0.87,0.86,0.87,0.86,0.0,0.0001510065440665649,,,,,,,
dynamic_red_cross_h1p2_v0p5,dynamic,red_cross,1.2,0.5,completed,DIAGNOSTIC,True,DIAGNOSTIC_ONLY,False,"[""diagnostic_subset_not_gate""]",[],True,True,,0,0.40000000000009095,,109.64094199880492,False,True,101,112,0.47417840375586856,"{""circle_detector"": 12, ""circle_detector+cross_detector"": 62, ""circle_detector+target_detector"": 5, ""cross_detector"": 21, ""cross_detector+target_detector"": 10, ""target_detector"": 2}",126.4285,131.9238,12,7,7,5,5,5,5,5,5,5,,0.0,0.5833333333333334,0.0,0.06065641259511103,0.06663248933058247,5,True,True,11.6,11.612,0.5,0.4994832931450224,242,200,202,0.5077627037911884,0.794290834611964,0.0,0.0,0.0,0.0,20,1.0,1.0,0.9714405307345861,0.0,20,0.85,0.8,0.9797000102768594,0.0,25,0.92,0.92,0.5053381846224176,0.0,9,0,0,1,1,8,0,0,1,0,0,0,visual_only,False,navigation_topics_not_subscribed,,,,visual_only_no_navigation_acceptance_event,[],[],,full,True,True,True,True,0.0,0.0,12,0.0,0.0,0.0001248708297346912,0.0008890463089775212,100,0.87,0.86,0.87,0.86,0.0,0.0001510065440665649,,,,,,,
dynamic_red_cross_h1p2_v1p0,dynamic,red_cross,1.2,1.0,completed,DIAGNOSTIC,True,DIAGNOSTIC_ONLY,False,"[""diagnostic_subset_not_gate""]",[],True,True,,0,0.3000000000001819,,95.2330010040896,False,True,63,64,0.49606299212598426,"{""circle_detector"": 6, ""circle_detector+cross_detector"": 36, ""circle_detector+target_detector"": 3, ""cross_detector"": 8, ""cross_detector+target_detector"": 10, ""target_detector"": 1}",194.07674999999998,200.94125000000003,10,6,9,6,6,6,6,6,5,5,,0.0,0.5,0.0,0.05544501623484434,0.06559054140395257,5,True,True,5.8,5.817,1.0,0.9970775313735601,148,104,105,1.0309230407280416,1.5817644887286606,0.0,0.0,0.0,0.0,20,1.0,1.0,0.9714405307345861,0.0,20,0.85,0.8,0.9797000102768594,0.0,25,0.92,0.92,1.014961714381675,0.0,9,0,0,1,1,8,0,0,1,0,0,0,visual_only,False,navigation_topics_not_subscribed,,,,visual_only_no_navigation_acceptance_event,[],[],,full,True,True,True,True,0.0,0.0,10,0.0,0.0,0.00022448024903262367,0.0010591138076808538,100,0.87,0.86,0.87,0.86,0.0,0.0001510065440665649,,,,,,,
dynamic_red_cross_h1p2_v1p5,dynamic,red_cross,1.2,1.5,completed,DIAGNOSTIC,True,DIAGNOSTIC_ONLY,False,"[""diagnostic_subset_not_gate""]",[],True,True,,0,0.17300000000000182,,133.52454999403562,False,True,41,50,0.45054945054945056,"{""circle_detector"": 6, ""circle_detector+cross_detector"": 29, ""circle_detector+target_detector"": 3, ""cross_detector"": 8, ""cross_detector+target_detector"": 4}",69.84034999999999,74.1205,5,2,4,2,2,2,2,2,2,2,,0.0,0.6,0.0,0.051280743141920083,0.06187923487884578,2,True,True,3.8666666666666667,3.874,1.5,1.497160557563242,111,65,67,1.5022824805488244,2.3723536737224484,0.0,0.0,0.0,0.0,20,1.0,1.0,0.9714405307345861,0.0,20,0.85,0.8,0.9797000102768594,0.0,25,0.84,0.84,1.510465189629614,0.0,4,0,0,1,1,3,0,0,1,0,0,0,visual_only,False,navigation_topics_not_subscribed,,,,visual_only_no_navigation_acceptance_event,[],[],,full,True,True,True,True,0.0,0.0,5,0.0,0.0,-0.00016655123137738315,0.0006866442274793272,100,0.87,0.86,0.87,0.86,0.0,0.0001510065440665649,,,,,,,
dynamic_red_cross_h1p2_v2p0,dynamic,red_cross,1.2,2.0,completed,DIAGNOSTIC,True,DIAGNOSTIC_ONLY,False,"[""diagnostic_subset_not_gate""]",[],True,True,,0,0.2380000000000564,,74.27670000470243,False,True,33,46,0.4177215189873418,"{""circle_detector"": 2, ""circle_detector+cross_detector"": 31, ""cross_detector"": 4, ""cross_detector+target_detector"": 8, ""target_detector"": 1}",95.15575,99.085,5,2,5,2,2,2,2,2,2,2,,0.0,0.6,0.0,0.06642059290357125,0.06699760962503595,2,True,True,2.9,2.903,2.0,1.9979331725800895,95,50,51,1.9321251419083942,3.0503795721177864,0.0,0.0,0.0,0.0,20,1.0,1.0,0.9714405307345861,0.0,20,0.85,0.8,0.9797000102768594,0.0,25,0.8,0.76,2.0205751998362222,0.0,3,0,0,1,1,2,0,0,1,0,0,0,visual_only,False,navigation_topics_not_subscribed,,,,visual_only_no_navigation_acceptance_event,[],[],,full,True,True,True,True,0.0,0.0,5,0.0,0.0,0.000333531990604996,0.0009651565691724784,100,0.87,0.86,0.87,0.86,0.0,0.0001510065440665649,,,,,,,
dynamic_red_cross_h1p8_v0p5,dynamic,red_cross,1.8,0.5,completed,DIAGNOSTIC,True,DIAGNOSTIC_ONLY,False,"[""diagnostic_subset_not_gate""]",[],True,True,,0,0.2339999999999236,,101.32493999844883,False,True,106,117,0.47533632286995514,"{""circle_detector"": 9, ""circle_detector+cross_detector"": 61, ""circle_detector+target_detector"": 6, ""cross_detector"": 23, ""cross_detector+target_detector"": 15, ""target_detector"": 3}",133.04000000000002,140.66920000000005,22,13,20,12,12,12,12,12,12,12,,0.0,0.45454545454545453,0.0,0.08948596958030614,0.09863622289040605,12,True,True,11.6,11.616,0.5,0.49931129476584024,252,205,207,0.5056022489218457,0.8038914490493787,0.0,0.0,0.0,0.0,20,1.0,1.0,0.9714405307345861,0.0,20,0.95,0.95,0.9571177101602647,0.0,25,0.92,0.92,0.5053381846224176,0.0,27,0,0,1,1,26,0,0,1,0,0,0,visual_only,False,navigation_topics_not_subscribed,,,,visual_only_no_navigation_acceptance_event,[],[],,full,True,True,True,True,0.0,0.0,22,0.0,0.0,0.00020486650146390225,0.0010503449404381548,100,0.87,0.86,0.87,0.86,0.0,0.0001510065440665649,,,,,,,
dynamic_red_cross_h1p8_v1p0,dynamic,red_cross,1.8,1.0,completed,DIAGNOSTIC,True,DIAGNOSTIC_ONLY,False,"[""diagnostic_subset_not_gate""]",[],True,True,,0,0.19899999999984175,,124.12280200078385,False,True,60,75,0.4444444444444444,"{""circle_detector"": 9, ""circle_detector+cross_detector"": 35, ""circle_detector+target_detector"": 3, ""cross_detector"": 16, ""cross_detector+target_detector"": 11, ""target_detector"": 1}",92.24090000000001,103.45210000000002,11,7,11,7,7,7,7,7,6,6,,0.0,0.45454545454545453,0.0,0.07881907437279524,0.09797795284174544,6,True,True,5.8,5.802,1.0,0.9996552912788694,147,103,104,1.0148528603934857,1.5151515151560195,0.0,0.0,0.0,0.0,20,1.0,1.0,0.9714405307345861,0.0,20,0.95,0.95,0.9571177101602647,0.0,25,0.92,0.92,1.014961714381675,0.0,9,0,0,1,1,8,0,0,1,0,0,0,visual_only,False,navigation_topics_not_subscribed,,,,visual_only_no_navigation_acceptance_event,[],[],,full,True,True,True,True,0.0,0.0,11,0.0,0.0,0.0002464861460423119,0.0010177724565513912,100,0.87,0.86,0.87,0.86,0.0,0.0001510065440665649,,,,,,,
dynamic_red_cross_h1p8_v1p5,dynamic,red_cross,1.8,1.5,completed,DIAGNOSTIC,True,DIAGNOSTIC_ONLY,False,"[""diagnostic_subset_not_gate""]",[],True,True,,0,0.23499999999989996,,130.556620999414,False,True,47,47,0.5,"{""circle_detector"": 3, ""circle_detector+cross_detector"": 33, ""circle_detector+target_detector"": 3, ""cross_detector"": 3, ""cross_detector+target_detector"": 4, ""target_detector"": 1}",75.61175,78.80665,9,4,6,3,3,3,3,3,3,3,,0.0,0.6666666666666666,0.0,0.07421060157024444,0.09811887220046048,3,True,True,3.8666666666666667,3.878,1.5,1.4956162970603404,109,73,74,1.5676718344092366,2.534482758622261,0.0,0.0,0.0,0.0,20,1.0,1.0,0.9714405307345861,0.0,20,0.95,0.95,0.9571177101602647,0.0,25,0.84,0.84,1.510465189629614,0.0,8,0,0,1,1,7,0,0,1,0,0,0,visual_only,False,navigation_topics_not_subscribed,,,,visual_only_no_navigation_acceptance_event,[],[],,full,True,True,True,True,0.0,0.0,9,0.0,0.0,0.0001739178476554631,0.0010834173019632586,100,0.87,0.86,0.87,0.86,0.0,0.0001510065440665649,,,,,,,
dynamic_red_cross_h1p8_v2p0,dynamic,red_cross,1.8,2.0,completed,DIAGNOSTIC,True,DIAGNOSTIC_ONLY,False,"[""diagnostic_subset_not_gate""]",[],True,True,,0,0.20000000000004547,,165.8804920007242,False,True,40,39,0.5063291139240507,"{""circle_detector"": 3, ""circle_detector+cross_detector"": 25, ""circle_detector+target_detector"": 1, ""cross_detector"": 2, ""cross_detector+target_detector"": 7, ""target_detector"": 1}",119.881,124.321,7,5,6,4,4,4,4,4,3,3,,0.0,0.5714285714285714,0.0,0.06602471343074967,0.09389937006368744,3,True,True,2.9,2.914,2.0,1.9903912148249827,92,49,50,1.9530870610207114,3.193345506191113,0.0,0.0,0.0,0.0,20,1.0,1.0,0.9714405307345861,0.0,20,0.95,0.95,0.9571177101602647,0.0,25,0.8,0.76,2.0205751998362222,0.0,6,0,0,1,1,5,0,0,1,0,0,0,visual_only,False,navigation_topics_not_subscribed,,,,visual_only_no_navigation_acceptance_event,[],[],,full,True,True,True,True,0.0,0.0,7,0.0,0.0,0.0002461445654041431,0.0010653722997357742,100,0.87,0.86,0.87,0.86,0.0,0.0001510065440665649,,,,,,,
dynamic_red_cross_h2p4_v0p5,dynamic,red_cross,2.4,0.5,completed,DIAGNOSTIC,True,DIAGNOSTIC_ONLY,False,"[""diagnostic_subset_not_gate""]",[],True,True,,0,0.7349999999999,0.0,90.39094699983252,True,True,114,115,0.4978165938864629,"{""circle_detector"": 11, ""circle_detector+cross_detector"": 73, ""circle_detector+target_detector"": 4, ""cross_detector"": 13, ""cross_detector+target_detector"": 13, ""target_detector"": 1}",89.522,95.543,33,21,28,19,19,19,19,19,18,18,,0.0,0.45454545454545453,0.0,0.12282321530879428,0.13168692117911748,18,True,True,11.6,11.602,0.5,0.4999138079641441,252,206,209,0.5178496129218183,0.8613184079603196,0.0,0.0,0.0,0.0,20,1.0,1.0,0.9714405307345861,0.0,20,0.95,0.95,0.9670348935235304,0.0,25,0.92,0.92,0.5053381846224176,0.0,33,0,0,1,1,32,0,0,1,0,0,0,visual_only,False,navigation_topics_not_subscribed,,,,visual_only_no_navigation_acceptance_event,[],[],,full,True,True,True,True,0.0,0.0,33,0.0,0.0,9.063033955742323e-05,0.0011417920405944668,100,0.87,0.86,0.87,0.86,0.0,0.0001510065440665649,,,,,,,
dynamic_red_cross_h2p4_v1p0,dynamic,red_cross,2.4,1.0,completed,DIAGNOSTIC,True,DIAGNOSTIC_ONLY,False,"[""diagnostic_subset_not_gate""]",[],True,True,,0,0.3330000000000837,0.0,96.02481800538953,True,True,63,59,0.5163934426229508,"{""circle_detector"": 2, ""circle_detector+cross_detector"": 45, ""circle_detector+target_detector"": 1, ""cross_detector"": 4, ""cross_detector+target_detector"": 5, ""target_detector"": 2}",105.4525,109.63,18,11,15,10,10,10,10,10,9,9,,0.0,0.5,0.0,0.12212351141983675,0.13076216867045815,9,True,True,5.8,5.803,1.0,0.9994830260210236,145,102,103,0.978403491469998,1.4363711001642026,0.0,0.0,0.0,0.0,20,1.0,1.0,0.9714405307345861,0.0,20,0.95,0.95,0.9670348935235304,0.0,25,0.92,0.92,1.014961714381675,0.0,17,0,0,1,1,16,0,0,1,0,0,0,visual_only,False,navigation_topics_not_subscribed,,,,visual_only_no_navigation_acceptance_event,[],[],,full,True,True,True,True,0.0,0.0,18,0.0,0.0,0.00014570803808181172,0.001115485321691043,100,0.87,0.86,0.87,0.86,0.0,0.0001510065440665649,,,,,,,
dynamic_red_cross_h2p4_v1p5,dynamic,red_cross,2.4,1.5,completed,DIAGNOSTIC,True,DIAGNOSTIC_ONLY,False,"[""diagnostic_subset_not_gate""]",[],True,True,,0,0.27099999999995816,0.0,96.88190500310156,True,True,53,46,0.5353535353535354,"{""circle_detector"": 6, ""circle_detector+cross_detector"": 28, ""circle_detector+target_detector"": 1, ""cross_detector"": 8, ""cross_detector+target_detector"": 3}",94.32005000000001,98.55055000000002,14,8,12,8,8,8,8,8,7,7,,0.0,0.5,0.0,0.09212500214859046,0.12278723930988011,7,True,True,3.8666666666666667,3.88,1.5,1.4948453608247423,111,71,73,1.5504391920948049,2.597840755735524,0.0,0.0,0.0,0.0,20,1.0,1.0,0.9714405307345861,0.0,20,0.95,0.95,0.9670348935235304,0.0,25,0.84,0.84,1.510465189629614,0.0,11,0,0,1,1,10,0,0,1,0,0,0,visual_only,False,navigation_topics_not_subscribed,,,,visual_only_no_navigation_acceptance_event,[],[],,full,True,True,True,True,0.0,0.0,14,0.0,0.0,0.00020807395798663517,0.001115013813468586,100,0.87,0.86,0.87,0.86,0.0,0.0001510065440665649,,,,,,,
dynamic_red_cross_h2p4_v2p0,dynamic,red_cross,2.4,2.0,completed,DIAGNOSTIC,True,DIAGNOSTIC_ONLY,False,"[""diagnostic_subset_not_gate""]",[],True,True,,0,0.36599999999998545,0.0,118.37212899990845,True,True,48,33,0.5925925925925926,"{""circle_detector"": 4, ""circle_detector+cross_detector"": 22, ""circle_detector+target_detector"": 1, ""cross_detector"": 3, ""cross_detector+target_detector"": 3}",82.2273,84.9713,12,7,11,6,6,6,6,6,6,6,,0.0,0.5,0.0,0.08684310017649594,0.12894548273988618,6,True,True,2.9,2.908,2.0,1.9944979367262723,92,53,54,2.034293151105695,3.3333333333464585,0.0,0.0,0.0,0.0,20,1.0,1.0,0.9714405307345861,0.0,20,0.95,0.95,0.9670348935235304,0.0,25,0.8,0.76,2.0205751998362222,0.0,9,0,0,1,1,8,0,0,1,0,0,0,visual_only,False,navigation_topics_not_subscribed,,,,visual_only_no_navigation_acceptance_event,[],[],,full,True,True,True,True,0.0,0.0,12,0.0,0.0,8.096141303024497e-05,0.0009868368500661883,100,0.87,0.86,0.87,0.86,0.0,0.0001510065440665649,,,,,,,
dynamic_red_cross_h3p0_v0p5,dynamic,red_cross,3.0,0.5,completed,DIAGNOSTIC,True,DIAGNOSTIC_ONLY,False,"[""diagnostic_subset_not_gate""]",[],True,True,,0,0.4299999999998363,0.0,78.02559999981895,True,True,114,117,0.4935064935064935,"{""circle_detector"": 6, ""circle_detector+cross_detector"": 76, ""circle_detector+target_detector"": 4, ""cross_detector"": 13, ""cross_detector+target_detector"": 17, ""target_detector"": 1}",122.71975,131.8464,43,28,35,27,27,27,27,27,23,23,,0.0,0.46511627906976744,0.0,0.15522447932847822,0.16762562961354266,23,True,True,11.6,11.600999999999999,0.5,0.49995690026721834,251,205,206,0.5064866392121146,0.8878968254029301,0.0,0.0,0.0,0.0,20,1.0,1.0,0.9714405307345861,0.0,20,0.8,0.8,0.967294690867376,0.0,25,0.92,0.92,0.5053381846224176,0.0,41,0,0,1,1,40,0,0,1,0,0,0,visual_only,False,navigation_topics_not_subscribed,,,,visual_only_no_navigation_acceptance_event,[],[],,full,True,True,True,True,0.0,0.0,43,0.0,0.0,0.00013044189682371451,0.0011944037289580755,100,0.87,0.86,0.87,0.86,0.0,0.0001510065440665649,,,,,,,
dynamic_red_cross_h3p0_v1p0,dynamic,red_cross,3.0,1.0,completed,DIAGNOSTIC,True,DIAGNOSTIC_ONLY,False,"[""diagnostic_subset_not_gate""]",[],True,True,,0,0.1659999999997126,0.0,110.38622600608505,True,True,66,66,0.5,"{""circle_detector"": 7, ""circle_detector+cross_detector"": 35, ""circle_detector+target_detector"": 2, ""cross_detector"": 11, ""cross_detector+target_detector"": 10, ""target_detector"": 1}",77.61175,80.9626,20,14,19,14,14,14,14,14,14,14,,0.0,0.3,0.0,0.14608651426973526,0.1739779584155533,14,True,True,5.8,5.818,1.0,0.9969061533172912,146,107,108,1.0181672128446613,1.5977822580707888,0.0,0.0,0.0,0.0,20,1.0,1.0,0.9714405307345861,0.0,20,0.8,0.8,0.967294690867376,0.0,25,0.92,0.92,1.014961714381675,0.0,30,0,0,1,1,29,0,0,1,0,0,0,visual_only,False,navigation_topics_not_subscribed,,,,visual_only_no_navigation_acceptance_event,[],[],,full,True,True,True,True,0.0,0.0,20,0.0,0.0,0.0002628178595645547,0.0011944036876032982,100,0.87,0.86,0.87,0.86,0.0,0.0001510065440665649,,,,,,,
dynamic_red_cross_h3p0_v1p5,dynamic,red_cross,3.0,1.5,completed,DIAGNOSTIC,True,DIAGNOSTIC_ONLY,False,"[""diagnostic_subset_not_gate""]",[],True,True,,0,0.32900000000017826,,99.92151700134855,False,True,47,45,0.5108695652173914,"{""circle_detector"": 1, ""circle_detector+cross_detector"": 26, ""circle_detector+target_detector"": 4, ""cross_detector"": 10, ""cross_detector+target_detector"": 4}",86.187,90.7413,13,10,13,10,10,10,10,10,9,9,,0.0,0.3076923076923077,0.0,0.15102251642090547,0.1628288196587753,9,True,True,3.8666666666666667,3.8689999999999998,1.5,1.4990953734815198,107,63,66,1.4966385596995893,2.2727272727309114,0.0,0.0,0.0,0.0,20,1.0,1.0,0.9714405307345861,0.0,20,0.8,0.8,0.967294690867376,0.0,25,0.84,0.84,1.510465189629614,0.0,16,0,0,1,1,15,0,0,1,0,0,0,visual_only,False,navigation_topics_not_subscribed,,,,visual_only_no_navigation_acceptance_event,[],[],,full,True,True,True,True,0.0,0.0,13,0.0,0.0,0.00011543979709918846,0.001008750807955927,100,0.87,0.86,0.87,0.86,0.0,0.0001510065440665649,,,,,,,
dynamic_red_cross_h3p0_v2p0,dynamic,red_cross,3.0,2.0,completed,DIAGNOSTIC,True,DIAGNOSTIC_ONLY,False,"[""diagnostic_subset_not_gate""]",[],True,True,,0,0.20000000000027285,,118.57127099938225,False,True,39,39,0.5,"{""circle_detector"": 3, ""circle_detector+cross_detector"": 23, ""circle_detector+target_detector"": 1, ""cross_detector"": 5, ""cross_detector+target_detector"": 6, ""target_detector"": 1}",91.0154,97.0073,11,7,11,7,7,7,7,7,7,7,,0.0,0.36363636363636365,0.0,0.13857417000398356,0.16096134104215296,7,True,True,2.9,2.903,2.0,1.9979331725800895,92,51,52,2.04408001610967,4.083333333328228,0.0,0.0,0.0,0.0,20,1.0,1.0,0.9714405307345861,0.0,20,0.8,0.8,0.967294690867376,0.0,25,0.8,0.76,2.0205751998362222,0.0,12,0,0,1,1,11,0,0,1,0,0,0,visual_only,False,navigation_topics_not_subscribed,,,,visual_only_no_navigation_acceptance_event,[],[],,full,True,True,True,True,0.0,0.0,11,0.0,0.0,9.558295247606581e-05,0.0010553557563862449,100,0.87,0.86,0.87,0.86,0.0,0.0001510065440665649,,,,,,,
dynamic_red_cross_h3p6_v0p5,dynamic,red_cross,3.6,0.5,completed,DIAGNOSTIC,True,DIAGNOSTIC_ONLY,False,"[""diagnostic_subset_not_gate""]",[],True,True,,0,0.4679999999998472,,79.32732899644179,False,True,117,105,0.527027027027027,"{""circle_detector"": 5, ""circle_detector+cross_detector"": 68, ""circle_detector+target_detector"": 5, ""cross_detector"": 13, ""cross_detector+target_detector"": 12, ""target_detector"": 2}",87.4331,94.4682,53,35,48,33,33,33,33,33,30,30,,0.0,0.4339622641509434,0.0,0.1898174673684729,0.19680973935232787,30,True,True,11.6,11.602,0.5,0.4999138079641441,249,207,208,0.520223771924335,0.8909574468028554,0.0,0.0,0.0,0.0,20,1.0,1.0,0.9714405307345861,0.0,20,0.8,0.8,0.9607356938732866,0.0,25,0.92,0.92,0.5053381846224176,0.0,55,0,0,1,1,54,0,0,1,0,0,0,visual_only,False,navigation_topics_not_subscribed,,,,visual_only_no_navigation_acceptance_event,[],[],,full,True,True,True,True,0.0,0.0,53,0.0,0.0,0.0001439095143167099,0.0011818772299748658,100,0.87,0.86,0.87,0.86,0.0,0.0001510065440665649,,,,,,,
dynamic_red_cross_h3p6_v1p0,dynamic,red_cross,3.6,1.0,completed,DIAGNOSTIC,True,DIAGNOSTIC_ONLY,False,"[""diagnostic_subset_not_gate""]",[],True,True,,0,0.306999999999789,0.0,107.16197200235911,True,True,64,64,0.5,"{""circle_detector"": 3, ""circle_detector+cross_detector"": 36, ""circle_detector+target_detector"": 3, ""cross_detector"": 13, ""cross_detector+target_detector"": 7, ""target_detector"": 2}",71.1888,76.1442,25,17,22,15,15,15,15,15,15,15,,0.0,0.4,0.0,0.18318177576608355,0.20042357281227646,15,True,True,5.8,5.808,1.0,0.9986225895316805,142,103,105,1.0227645465731794,1.6633986928052322,0.0,0.0,0.0,0.0,20,1.0,1.0,0.9714405307345861,0.0,20,0.8,0.8,0.9607356938732866,0.0,25,0.92,0.92,1.014961714381675,0.0,28,0,0,1,1,27,0,0,1,0,0,0,visual_only,False,navigation_topics_not_subscribed,,,,visual_only_no_navigation_acceptance_event,[],[],,full,True,True,True,True,0.0,0.0,25,0.0,0.0,9.734005260452249e-05,0.001145550325795206,100,0.87,0.86,0.87,0.86,0.0,0.0001510065440665649,,,,,,,
dynamic_red_cross_h3p6_v1p5,dynamic,red_cross,3.6,1.5,completed,DIAGNOSTIC,True,DIAGNOSTIC_ONLY,False,"[""diagnostic_subset_not_gate""]",[],True,True,,0,0.4819999999999709,0.0,107.05522300122539,True,True,46,50,0.4791666666666667,"{""circle_detector"": 4, ""circle_detector+cross_detector"": 27, ""circle_detector+target_detector"": 3, ""cross_detector"": 9, ""cross_detector+target_detector"": 4, ""target_detector"": 3}",88.83250000000001,95.445,15,11,12,10,10,10,10,10,10,10,,0.0,0.3333333333333333,0.0,0.16661426712387983,0.1941064932700877,10,True,True,3.8666666666666667,3.868,1.5,1.499482936918304,109,70,71,1.4970183114251974,2.472560975616939,0.0,0.0,0.0,0.0,20,1.0,1.0,0.9714405307345861,0.0,20,0.8,0.8,0.9607356938732866,0.0,25,0.84,0.84,1.510465189629614,0.0,15,0,0,1,1,14,0,0,1,0,0,0,visual_only,False,navigation_topics_not_subscribed,,,,visual_only_no_navigation_acceptance_event,[],[],,full,True,True,True,True,0.0,0.0,15,0.0,0.0,0.0001141616457342091,0.0011064538771818101,100,0.87,0.86,0.87,0.86,0.0,0.0001510065440665649,,,,,,,
dynamic_red_cross_h3p6_v2p0,dynamic,red_cross,3.6,2.0,completed,DIAGNOSTIC,True,DIAGNOSTIC_ONLY,False,"[""diagnostic_subset_not_gate""]",[],True,True,,0,0.35399999999981446,,149.89333500125213,False,True,34,34,0.5,"{""circle_detector+cross_detector"": 25, ""cross_detector"": 4, ""cross_detector+target_detector"": 2, ""target_detector"": 3}",117.02674999999999,120.7765,10,5,6,4,4,4,4,4,3,3,,0.0,0.7,0.0,0.19339383013276726,0.2516057780612942,3,True,True,2.9,2.912,2.0,1.9917582417582418,85,48,49,2.0661990087929616,3.6574074074127703,0.0,0.0,0.0,0.0,20,1.0,1.0,0.9714405307345861,0.0,20,0.8,0.8,0.9607356938732866,0.0,25,0.8,0.76,2.0205751998362222,0.0,10,0,0,1,1,9,0,0,1,0,0,0,visual_only,False,navigation_topics_not_subscribed,,,,visual_only_no_navigation_acceptance_event,[],[],,full,True,True,True,True,0.0,0.0,10,0.0,0.0,0.00026329225482744076,0.0012657993505481003,100,0.87,0.86,0.87,0.86,0.0,0.0001510065440665649,,,,,,,
